資料來源,行政區,學校,類型,里／鄰,頁碼
主表,板橋區,板橋國中,基本,國光里,2
主表,板橋區,板橋國中,基本,自強里,2
主表,板橋區,板橋國中,基本,建國里,2
主表,板橋區,板橋國中,基本,自立里,2
主表,板橋區,板橋國中,基本,光華里(除1-11鄰),2
主表,板橋區,板橋國中,基本,光榮里,2
主表,板橋區,板橋國中,基本,港尾里,2
主表,板橋區,板橋國中,基本,中正里,2
主表,板橋區,板橋國中,基本,香社里,2
主表,板橋區,板橋國中,基本,香雅里,2
主表,板橋區,板橋國中,基本,社後里,2
主表,板橋區,板橋國中,基本,港德里(除7、10、14、16、20、24-29鄰),2
主表,板橋區,板橋國中,基本,金華里(1-6、11、17、22、23鄰),2
主表,板橋區,板橋國中,自由,港德里(7、10、14、16、20、24-29鄰),2
主表,板橋區,板橋國中,自由,新生里,2
主表,板橋區,板橋國中,自由,民權里,2
主表,板橋區,板橋國中,自由,湳興里(1-5、22鄰),2
主表,板橋區,板橋國中,自由,光華里(1-11鄰),2
主表,板橋區,中山國中,基本,民安里,2
主表,板橋區,中山國中,基本,廣新里,2
主表,板橋區,中山國中,基本,玉光里,2
主表,板橋區,中山國中,基本,光仁里,2
主表,板橋區,中山國中,基本,新民里,2
主表,板橋區,中山國中,基本,西安里,2
主表,板橋區,中山國中,基本,漢生里,2
主表,板橋區,中山國中,基本,百壽里,2
主表,板橋區,中山國中,基本,介壽里,2
主表,板橋區,中山國中,自由,香丘里,2
主表,板橋區,中山國中,自由,忠誠里,2
主表,板橋區,中山國中,自由,公舘里,2
主表,板橋區,中山國中,自由,華江里,2
主表,板橋區,中山國中,自由,莊敬里,2
主表,板橋區,中山國中,自由,埤墘里,2
主表,板橋區,中山國中,自由,永安里,2
主表,板橋區,中山國中,自由,民權里,2
主表,板橋區,中山國中,自由,黃石里,2
主表,板橋區,中山國中,自由,挹秀里,2
主表,板橋區,中山國中,自由,赤松里,2
主表,板橋區,中山國中,自由,流芳里,2
主表,板橋區,中山國中,自由,留侯里(除7、9鄰外),2
主表,板橋區,中山國中,自由,留侯里(7、9鄰),2
主表,板橋區,中山國中,自由,雙玉里,2
主表,板橋區,新埔國中,基本,幸福里,2
主表,板橋區,新埔國中,基本,文德里,2
主表,板橋區,新埔國中,基本,新翠里,2
主表,板橋區,新埔國中,基本,朝陽里,2
主表,板橋區,新埔國中,基本,吉翠里,2
主表,板橋區,新埔國中,基本,德翠里,2
主表,板橋區,新埔國中,基本,新海里,2
主表,板橋區,新埔國中,基本,新埔里,2
主表,板橋區,新埔國中,基本,滿翠里,2
主表,板橋區,新埔國中,基本,明翠里,2
主表,板橋區,新埔國中,基本,陽明里,2
主表,板橋區,新埔國中,基本,宏翠里,2
主表,板橋區,新埔國中,基本,仁翠里,2
主表,板橋區,新埔國中,基本,金華里(7-10、12-16、18-21鄰),2
主表,板橋區,新埔國中,自由,港德里(7、10、14、16、20、24-29鄰),2
主表,板橋區,新埔國中,自由,新生里,2
主表,板橋區,新埔國中,自由,忠誠里,2
主表,板橋區,新埔國中,自由,公舘里,2
主表,板橋區,江翠國中,基本,嵐翠里,2
主表,板橋區,江翠國中,基本,文聖里,2
主表,板橋區,江翠國中,基本,華翠里,2
主表,板橋區,江翠國中,基本,莒光里,2
主表,板橋區,江翠國中,基本,松翠里,2
主表,板橋區,江翠國中,基本,聯翠里,2
主表,板橋區,江翠國中,基本,文化里,2
主表,板橋區,江翠國中,基本,江翠里,2
主表,板橋區,江翠國中,基本,純翠里,2
主表,板橋區,江翠國中,基本,溪頭里,2
主表,板橋區,江翠國中,基本,柏翠里,2
主表,板橋區,江翠國中,基本,青翠里,2
主表,板橋區,江翠國中,基本,懷翠里,2
主表,板橋區,江翠國中,基本,忠翠里,2
主表,板橋區,江翠國中,基本,松柏里,2
主表,板橋區,江翠國中,基本,文翠里,2
主表,板橋區,江翠國中,自由,龍翠里,2
主表,板橋區,江翠國中,自由,華江里,2
主表,板橋區,江翠國中,自由,莊敬里,2
主表,板橋區,江翠國中,自由,埤墘里,2
主表,板橋區,江翠國中,自由,永安里,2
主表,板橋區,海山高中(國中部),基本,福祿里,3
主表,板橋區,海山高中(國中部),基本,民族里,3
主表,板橋區,海山高中(國中部),基本,海山里,3
主表,板橋區,海山高中(國中部),基本,東丘里,3
主表,板橋區,海山高中(國中部),基本,民生里,3
主表,板橋區,海山高中(國中部),基本,長安里,3
主表,板橋區,海山高中(國中部),基本,東安里,3
主表,板橋區,海山高中(國中部),基本,深丘里,3
主表,板橋區,海山高中(國中部),基本,國泰里(7-15鄰),3
主表,板橋區,海山高中(國中部),基本,福丘里,3
主表,板橋區,海山高中(國中部),自由,香丘里,3
主表,板橋區,海山高中(國中部),自由,如里,3
主表,板橋區,海山高中(國中部),自由,正泰里,3
主表,板橋區,海山高中(國中部),自由,雙玉里,3
主表,板橋區,海山高中(國中部),自由,中和區瑞穗里(1-6鄰),3
主表,板橋區,海山高中(國中部),自由,中和區員山里(11-22鄰、25-35鄰、37-42鄰),3
主表,板橋區,光復高中(國中部),基本,港嘴里,3
主表,板橋區,光復高中(國中部),基本,振義里,3
主表,板橋區,光復高中(國中部),基本,振興里,3
主表,板橋區,光復高中(國中部),基本,光復里,3
主表,板橋區,光復高中(國中部),基本,埔墘里,3
主表,板橋區,光復高中(國中部),基本,富貴里,3
主表,板橋區,光復高中(國中部),基本,長壽里,3
主表,板橋區,光復高中(國中部),基本,居仁里,3
主表,板橋區,光復高中(國中部),基本,福壽里,3
主表,板橋區,光復高中(國中部),基本,福翠里,3
主表,板橋區,光復高中(國中部),自由,如里,3
主表,板橋區,光復高中(國中部),自由,正泰里,3
主表,板橋區,光復高中(國中部),自由,龍翠里,3
主表,板橋區,光復高中(國中部),自由,中和區中原里(5-14、18-20鄰),3
主表,板橋區,光復高中(國中部),自由,雙玉里,3
主表,板橋區,光復高中(國中部),自由,中和區各里,3
主表,板橋區,重慶國中,基本,仁愛里,3
主表,板橋區,重慶國中,基本,和平里,3
主表,板橋區,重慶國中,基本,廣德里,3
主表,板橋區,重慶國中,基本,重慶里,3
主表,板橋區,重慶國中,基本,大豐里,3
主表,板橋區,重慶國中,基本,廣福里,3
主表,板橋區,重慶國中,基本,權里,3
主表,板橋區,重慶國中,基本,華德里,3
主表,板橋區,重慶國中,基本,信義里,3
主表,板橋區,重慶國中,基本,華東里(除1-6、19-21鄰),3
主表,板橋區,重慶國中,自由,中和區清穗里,3
主表,板橋區,重慶國中,自由,明德里,3
主表,板橋區,重慶國中,自由,壽德里,3
主表,板橋區,重慶國中,自由,鄉雲里,3
主表,板橋區,重慶國中,自由,土城區清溪里(1-4鄰、11-43、46-53鄰),3
主表,板橋區,忠孝國中,基本,華貴里,4
主表,板橋區,忠孝國中,基本,華福里,4
主表,板橋區,忠孝國中,基本,華興里,4
主表,板橋區,忠孝國中,基本,景星里,4
主表,板橋區,忠孝國中,基本,新興里,4
主表,板橋區,忠孝國中,基本,後埔里,4
主表,板橋區,忠孝國中,基本,福星里,4
主表,板橋區,忠孝國中,基本,福德里,4
主表,板橋區,忠孝國中,基本,國泰里(1-6鄰),4
主表,板橋區,忠孝國中,基本,華東里(1-6、19-21鄰),4
主表,板橋區,忠孝國中,自由,鄉雲里,4
主表,板橋區,忠孝國中,自由,黃石里,4
主表,板橋區,忠孝國中,自由,挹秀里,4
主表,板橋區,忠孝國中,自由,赤松里,4
主表,板橋區,忠孝國中,自由,流芳里,4
主表,板橋區,忠孝國中,自由,留侯里(除7、9鄰外),4
主表,板橋區,忠孝國中,自由,留侯里(7、9鄰),4
主表,板橋區,忠孝國中,自由,湳興里(6-21、23-25鄰),4
主表,板橋區,大觀國中,基本,華中里,4
主表,板橋區,大觀國中,基本,大觀里,4
主表,板橋區,大觀國中,基本,歡園里,4
主表,板橋區,大觀國中,基本,浮洲里,4
主表,板橋區,大觀國中,基本,僑中里,4
主表,板橋區,大觀國中,基本,中山里,4
主表,板橋區,大觀國中,基本,復興里,4
主表,板橋區,大觀國中,基本,大安里,4
主表,板橋區,大觀國中,基本,福安里,4
主表,板橋區,大觀國中,基本,聚安里,4
主表,板橋區,大觀國中,基本,龍安里,4
主表,板橋區,大觀國中,自由,湳興里(1-5、22鄰),4
主表,板橋區,大觀國中,自由,光華里(1-11鄰),4
主表,板橋區,大觀國中,自由,湳興里(6-21、23-25鄰),4
主表,板橋區,大觀國中,自由,留侯里(7、9鄰),4
主表,板橋區,溪崑國中,基本,溪北里,4
主表,板橋區,溪崑國中,基本,崑崙里,4
主表,板橋區,溪崑國中,基本,成和里,4
主表,板橋區,溪崑國中,基本,堂春里,4
主表,板橋區,溪崑國中,基本,樹林區文林里,4
主表,板橋區,溪崑國中,基本,保安里,4
主表,板橋區,溪崑國中,基本,圳福里,4
主表,板橋區,溪崑國中,基本,潭底里(除1-13、33鄰),4
主表,板橋區,溪崑國中,自由,樹林區圳安里,4
主表,板橋區,溪崑國中,自由,圳民里,4
主表,板橋區,溪崑國中,自由,潭底里(1-13、33鄰),4
主表,板橋區,溪崑國中,自由,新莊區西盛里(12、14-18、25-29鄰),4
主表,板橋區,溪崑國中,自由,新莊區西盛里(10、24鄰),4
主表,板橋區,溪崑國中,自由,板橋區溪洲里,4
主表,板橋區,溪崑國中,自由,溪福里,4
主表,土城區,土城國中,基本,祖田里,5
主表,土城區,土城國中,基本,頂新里,5
主表,土城區,土城國中,基本,頂福里,5
主表,土城區,土城國中,基本,沛陂里,5
主表,土城區,土城國中,基本,永寧里,5
主表,土城區,土城國中,基本,大安里,5
主表,土城區,土城國中,基本,長風里,5
主表,土城區,土城國中,基本,員仁里,5
主表,土城區,土城國中,基本,員信里,5
主表,土城區,土城國中,基本,員福里,5
主表,土城區,土城國中,基本,土城里,5
主表,土城區,土城國中,基本,頂埔里,5
主表,土城區,土城國中,基本,埤塘里(3-9、12、14、16-17鄰),5
主表,土城區,土城國中,自由,日新里,5
主表,土城區,土城國中,自由,日和里,5
主表,土城區,土城國中,自由,貨饒里,5
主表,土城區,土城國中,自由,裕生里,5
主表,土城區,土城國中,自由,員林里,5
主表,土城區,清水高中(國中部),基本,清和里,5
主表,土城區,清水高中(國中部),基本,永豐里,5
主表,土城區,清水高中(國中部),基本,永富里,5
主表,土城區,清水高中(國中部),基本,清化里,5
主表,土城區,清水高中(國中部),基本,峰廷里,5
主表,土城區,清水高中(國中部),基本,廷寮里,5
主表,土城區,清水高中(國中部),基本,延和里,5
主表,土城區,清水高中(國中部),基本,清水里,5
主表,土城區,清水高中(國中部),基本,青雲里(1鄰),5
主表,土城區,清水高中(國中部),基本,青山里,5
主表,土城區,清水高中(國中部),基本,金城里,5
主表,土城區,清水高中(國中部),自由,清溪里(1-4、11-43、46-53鄰),5
主表,土城區,清水高中(國中部),自由,平和里,5
主表,土城區,清水高中(國中部),自由,延壽里,5
主表,土城區,清水高中(國中部),自由,延祿里,5
主表,土城區,清水高中(國中部),自由,延吉里,5
主表,土城區,清水高中(國中部),自由,安和里,5
主表,土城區,中正國中,基本,清溪里(5-10、44-45鄰),5
主表,土城區,中正國中,基本,柑林里,5
主表,土城區,中正國中,基本,埤林里,5
主表,土城區,中正國中,基本,學成里,5
主表,土城區,中正國中,基本,廣福里,5
主表,土城區,中正國中,基本,樂利里,5
主表,土城區,中正國中,基本,學府里,5
主表,土城區,中正國中,基本,瑞興里,5
主表,土城區,中正國中,基本,復興里,5
主表,土城區,中正國中,基本,青雲里(2-21鄰),5
主表,土城區,中正國中,基本,學士里,5
主表,土城區,中正國中,基本,中正里,5
主表,土城區,中正國中,基本,明德里,5
主表,土城區,中正國中,基本,廣興里,5
主表,土城區,中正國中,基本,埤塘里(1-2、10-11、13、15鄰),5
主表,土城區,中正國中,自由,清溪里(1-4、11-43、46-53鄰),5
主表,土城區,中正國中,自由,日新里,5
主表,土城區,中正國中,自由,日和里,5
主表,土城區,中正國中,自由,貨饒里,5
主表,土城區,中正國中,自由,裕生里,5
主表,土城區,中正國中,自由,員林里,5
主表,樹林區,樹林高中(國中部),基本,樹東里,6
主表,樹林區,樹林高中(國中部),基本,樹北里,6
主表,樹林區,樹林高中(國中部),基本,彭福里,6
主表,樹林區,樹林高中(國中部),基本,彭興里,6
主表,樹林區,樹林高中(國中部),基本,彭厝里,6
主表,樹林區,樹林高中(國中部),基本,中華里,6
主表,樹林區,樹林高中(國中部),基本,太順里,6
主表,樹林區,樹林高中(國中部),基本,大同里,6
主表,樹林區,樹林高中(國中部),基本,和平里,6
主表,樹林區,樹林高中(國中部),基本,東山里,6
主表,樹林區,樹林高中(國中部),基本,東陽里,6
主表,樹林區,樹林高中(國中部),基本,東昇里(9-16鄰),6
主表,樹林區,樹林高中(國中部),自由,樹德里,6
主表,樹林區,樹林高中(國中部),自由,樹福里,6
主表,樹林區,樹林高中(國中部),自由,樂山里,6
主表,樹林區,樹林高中(國中部),自由,山佳里,6
主表,樹林區,樹林高中(國中部),自由,中山里,6
主表,樹林區,樹林高中(國中部),自由,板橋區溪洲里,6
主表,樹林區,樹林高中(國中部),自由,溪福里,6
主表,樹林區,育林國中,基本,坡內里,6
主表,樹林區,育林國中,基本,樹西里,6
主表,樹林區,育林國中,基本,育英里,6
主表,樹林區,育林國中,基本,樹人里,6
主表,樹林區,育林國中,基本,樹興里,6
主表,樹林區,育林國中,基本,樹南里,6
主表,樹林區,育林國中,基本,東昇里(1-8、17-28鄰),6
主表,樹林區,育林國中,自由,樹德里,6
主表,樹林區,育林國中,自由,樹福里,6
主表,樹林區,柑園國中,基本,柑園里(1-7、9-12鄰),6
主表,樹林區,柑園國中,基本,北園里,6
主表,樹林區,柑園國中,基本,西園里,6
主表,樹林區,柑園國中,基本,東園里,6
主表,樹林區,柑園國中,自由,樂山里,6
主表,樹林區,柑園國中,自由,山佳里,6
主表,樹林區,柑園國中,自由,中山里,6
主表,樹林區,柑園國中,自由,南園里(1、3-4、7鄰),6
主表,樹林區,桃子腳國中小(國中部),基本,南園里(2、5-6、8-52鄰),6
主表,樹林區,桃子腳國中小(國中部),基本,柑園里(8、13-37鄰),6
主表,樹林區,桃子腳國中小(國中部),基本,峽區龍學里(15鄰),6
主表,樹林區,桃子腳國中小(國中部),自由,南園里(1、3-4、7鄰),6
主表,樹林區,桃子腳國中小(國中部),自由,峽區龍恩里,6
主表,樹林區,桃子腳國中小(國中部),自由,龍埔里(36鄰),6
主表,樹林區,桃子腳國中小(國中部),自由,峽區龍學里(1-14、25、27-28、30-31鄰),6
主表,樹林區,三多國中,基本,興里,6
主表,樹林區,三多國中,基本,福里,6
主表,樹林區,三多國中,基本,龍里,6
主表,樹林區,三多國中,基本,多里,6
主表,樹林區,三多國中,基本,圳生里,6
主表,樹林區,三多國中,基本,獇寮里,6
主表,樹林區,三多國中,基本,金寮里,6
主表,樹林區,三多國中,基本,光興里,6
主表,樹林區,三多國中,自由,圳安里,6
主表,樹林區,三多國中,自由,圳民里,6
主表,樹林區,三多國中,自由,潭底里(1-13鄰、33鄰),6
主表,鶯歌區,鶯歌國中,基本,建德里,7
主表,鶯歌區,鶯歌國中,基本,北鶯里,7
主表,鶯歌區,鶯歌國中,基本,西鶯里,7
主表,鶯歌區,鶯歌國中,基本,南鶯里,7
主表,鶯歌區,鶯歌國中,基本,中鶯里,7
主表,鶯歌區,鶯歌國中,基本,建國里,7
主表,鶯歌區,鶯歌國中,基本,永昌里,7
主表,鶯歌區,鶯歌國中,基本,同慶里,7
主表,鶯歌區,鶯歌國中,基本,中湖里(1-3、26-27鄰),7
主表,鶯歌區,鶯歌國中,自由,尖山里(2、13-14鄰),7
主表,鶯歌區,鶯歌國中,自由,東鶯里,7
主表,鶯歌區,鶯歌國中,自由,南靖里(1鄰),7
主表,鶯歌區,鶯歌國中,自由,中湖里(4-16鄰),7
主表,鶯歌區,鶯歌國中,自由,東湖里,7
主表,鶯歌區,鶯歌國中,自由,永吉里,7
主表,鶯歌區,尖山國中,基本,南靖里(2-8、12-15、17-19鄰),7
主表,鶯歌區,尖山國中,基本,尖山里(1、3-12、15-16鄰),7
主表,鶯歌區,尖山國中,基本,橋里,7
主表,鶯歌區,尖山國中,基本,甲里,7
主表,鶯歌區,尖山國中,自由,尖山里(2、13-14鄰),7
主表,鶯歌區,尖山國中,自由,東鶯里,7
主表,鶯歌區,尖山國中,自由,南靖里(1鄰),7
主表,鶯歌區,尖山國中,自由,南靖里(9-11、16、20鄰),7
主表,鶯歌區,鳳鳴國中,基本,中湖里(17-25鄰),7
主表,鶯歌區,鳳鳴國中,基本,大湖里,7
主表,鶯歌區,鳳鳴國中,基本,鳳鳴里,7
主表,鶯歌區,鳳鳴國中,基本,鳳福里,7
主表,鶯歌區,鳳鳴國中,基本,鳳祥里,7
主表,鶯歌區,鳳鳴國中,自由,中湖里(4-16鄰),7
主表,鶯歌區,鳳鳴國中,自由,東湖里,7
主表,鶯歌區,鳳鳴國中,自由,永吉里,7
主表,鶯歌區,鳳鳴國中,自由,桃園市八德區大發里(6鄰福德1路177巷、7至8鄰、19至21鄰),7
主表,鶯歌區,鳳鳴國中,自由,桃園市八德區大明里,7
主表,鶯歌區,鳳鳴國中,自由,大仁里,7
主表,三峽區,三峽國中,基本,永舘里,8
主表,三峽區,三峽國中,基本,龍埔里(1-35鄰),8
主表,三峽區,三峽國中,基本,秀川里,8
主表,三峽區,三峽國中,基本,鳶山里,8
主表,三峽區,三峽國中,基本,峽里,8
主表,三峽區,三峽國中,自由,龍恩里,8
主表,三峽區,三峽國中,自由,龍埔里(36鄰),8
主表,三峽區,三峽國中,自由,龍學里(1-14、25、27-28、30-31鄰),8
主表,三峽區,三峽國中,自由,弘道里,8
主表,三峽區,三峽國中,自由,張里,8
主表,三峽區,三峽國中,自由,中埔里,8
主表,三峽區,三峽國中,自由,溪東里,8
主表,三峽區,三峽國中,自由,大埔里(1-5鄰),8
主表,三峽區,三峽國中,自由,溪南里,8
主表,三峽區,三峽國中,自由,溪北里,8
主表,三峽區,三峽國中,自由,成福里,8
主表,三峽區,三峽國中,自由,竹崙里,8
主表,三峽區,三峽國中,自由,安坑里,8
主表,三峽區,三峽國中,自由,鶯歌區南靖里(9-11、16、20鄰),8
主表,三峽區,樹林區桃子腳國中小(國中部),基本,龍學里(15鄰),8
主表,三峽區,樹林區桃子腳國中小(國中部),基本,樹林區南園里(2、5-6、8-52鄰),8
主表,三峽區,樹林區桃子腳國中小(國中部),基本,柑園里(8、13-37鄰),8
主表,三峽區,樹林區桃子腳國中小(國中部),自由,龍恩里,8
主表,三峽區,樹林區桃子腳國中小(國中部),自由,龍埔里(36鄰),8
主表,三峽區,樹林區桃子腳國中小(國中部),自由,龍學里(1-14、25、27-28、30-31鄰),8
主表,三峽區,樹林區桃子腳國中小(國中部),自由,樹林區南園里(1、3-4、7鄰),8
主表,三峽區,明德高中(國中部),基本,大埔里(6-22鄰),8
主表,三峽區,明德高中(國中部),基本,金圳里,8
主表,三峽區,明德高中(國中部),基本,寮里,8
主表,三峽區,明德高中(國中部),基本,插角里,8
主表,三峽區,明德高中(國中部),基本,有木里,8
主表,三峽區,明德高中(國中部),自由,弘道里,8
主表,三峽區,明德高中(國中部),自由,張里,8
主表,三峽區,明德高中(國中部),自由,中埔里,8
主表,三峽區,明德高中(國中部),自由,溪東里,8
主表,三峽區,明德高中(國中部),自由,大埔里(1-5鄰),8
主表,三峽區,明德高中(國中部),自由,溪南里,8
主表,三峽區,明德高中(國中部),自由,溪北里,8
主表,三峽區,明德高中(國中部),自由,成福里,8
主表,三峽區,明德高中(國中部),自由,竹崙里,8
主表,三峽區,明德高中(國中部),自由,安坑里,8
主表,三峽區,明德高中(國中部),自由,嘉添里,8
主表,三峽區,明德高中(國中部),自由,添福里,8
主表,三峽區,明德高中(國中部),自由,鬮里,8
主表,三峽區,安溪國中,基本,礁溪里,9
主表,三峽區,安溪國中,基本,介壽里,9
主表,三峽區,安溪國中,基本,安溪里,9
主表,三峽區,安溪國中,基本,中正里,9
主表,三峽區,安溪國中,自由,弘道里,9
主表,三峽區,安溪國中,自由,張里,9
主表,三峽區,安溪國中,自由,中埔里,9
主表,三峽區,安溪國中,自由,溪東里,9
主表,三峽區,安溪國中,自由,大埔里(1-5鄰),9
主表,三峽區,安溪國中,自由,溪南里,9
主表,三峽區,安溪國中,自由,溪北里,9
主表,三峽區,安溪國中,自由,成福里,9
主表,三峽區,安溪國中,自由,竹崙里,9
主表,三峽區,安溪國中,自由,安坑里,9
主表,三峽區,安溪國中,自由,嘉添里,9
主表,三峽區,安溪國中,自由,添福里,9
主表,三峽區,安溪國中,自由,鬮里,9
主表,三峽區,北大高中(國中部),基本,龍學里(16-24、26、29、32-43、45鄰),9
主表,三峽區,北大高中(國中部),自由,龍學里(1-14、25、27-28、30-31鄰),9
主表,中和區,中和國中,基本,橫路里,10
主表,中和區,中和國中,基本,內南里,10
主表,中和區,中和國中,基本,外南里,10
主表,中和區,中和國中,基本,壽南里,10
主表,中和區,中和國中,基本,福南里,10
主表,中和區,中和國中,基本,華新里,10
主表,中和區,中和國中,基本,華南里,10
主表,中和區,中和國中,基本,東南里,10
主表,中和區,中和國中,基本,忠孝里,10
主表,中和區,中和國中,基本,崇南里,10
主表,中和區,中和國中,基本,興南里,10
主表,中和區,中和國中,基本,頂南里,10
主表,中和區,中和國中,基本,正南里,10
主表,中和區,中和國中,基本,景南里,10
主表,中和區,中和國中,基本,景本里,10
主表,中和區,中和國中,基本,景平里,10
主表,中和區,中和國中,基本,景新里,10
主表,中和區,中和國中,基本,景福里,10
主表,中和區,中和國中,基本,吉興里,10
主表,中和區,中和國中,基本,秀峰里,10
主表,中和區,中和國中,基本,秀士里,10
主表,中和區,中和國中,基本,秀山里,10
主表,中和區,中和國中,基本,秀水里,10
主表,中和區,中和國中,基本,秀成里,10
主表,中和區,中和國中,基本,秀義里,10
主表,中和區,中和國中,基本,秀福里,10
主表,中和區,中和國中,基本,秀仁里,10
主表,中和區,中和國中,基本,秀明里,10
主表,中和區,中和國中,基本,秀景里,10
主表,中和區,中和國中,自由,中興里,10
主表,中和區,中和國中,自由,和興里,10
主表,中和區,中和國中,自由,復興里,10
主表,中和區,中和國中,自由,景安里,10
主表,中和區,中和國中,自由,新店區新和里,10
主表,中和區,中和國中,自由,永平里,10
主表,中和區,中和國中,自由,永安里,10
主表,中和區,漳和國中,基本,安樂里,"10,11"
主表,中和區,漳和國中,基本,宜安里,"10,11"
主表,中和區,漳和國中,基本,安順里,"10,11"
主表,中和區,漳和國中,基本,安和里,"10,11"
主表,中和區,漳和國中,基本,中安里,"10,11"
主表,中和區,漳和國中,基本,安平里,"10,11"
主表,中和區,漳和國中,基本,泰安里,"10,11"
主表,中和區,漳和國中,基本,瓦磘里,"10,11"
主表,中和區,漳和國中,基本,福和里,"10,11"
主表,中和區,漳和國中,基本,枋寮里,"10,11"
主表,中和區,漳和國中,基本,福善里,"10,11"
主表,中和區,漳和國中,基本,漳和里,"10,11"
主表,中和區,漳和國中,基本,南山里,"10,11"
主表,中和區,漳和國中,基本,景文里,"10,11"
主表,中和區,漳和國中,基本,佳和里,"10,11"
主表,中和區,漳和國中,基本,福美里,"10,11"
主表,中和區,漳和國中,基本,福祥里,"10,11"
主表,中和區,漳和國中,基本,廟美里,"10,11"
主表,中和區,漳和國中,基本,連城里,"10,11"
主表,中和區,漳和國中,基本,連和里,"10,11"
主表,中和區,漳和國中,基本,中原里(1-4、15-17、21-24鄰),"10,11"
主表,中和區,漳和國中,基本,福真里,"10,11"
主表,中和區,漳和國中,自由,新南里,"10,11"
主表,中和區,漳和國中,自由,景安里,"10,11"
主表,中和區,漳和國中,自由,永和區安和里,"10,11"
主表,中和區,漳和國中,自由,雙和里,"10,11"
主表,中和區,漳和國中,自由,永和區保平里,"10,11"
主表,中和區,漳和國中,自由,水源里,"10,11"
主表,中和區,漳和國中,自由,協和里,"10,11"
主表,中和區,漳和國中,自由,和平里,"10,11"
主表,中和區,漳和國中,自由,前溪里,"10,11"
主表,中和區,自強國中,基本,明穗里,11
主表,中和區,自強國中,基本,自強里,11
主表,中和區,自強國中,基本,國光里,11
主表,中和區,自強國中,基本,國華里,11
主表,中和區,自強國中,基本,德穗里,11
主表,中和區,自強國中,基本,民生里,11
主表,中和區,自強國中,基本,冠穗里,11
主表,中和區,自強國中,基本,瑞穗里(18鄰),11
主表,中和區,自強國中,自由,清穗里,11
主表,中和區,自強國中,自由,明德里,11
主表,中和區,自強國中,自由,壽德里,11
主表,中和區,自強國中,自由,民有里,11
主表,中和區,自強國中,自由,民享里,11
主表,中和區,自強國中,自由,瑞穗里(7-17鄰),11
主表,中和區,自強國中,自由,積穗里(10-11、32-33鄰),11
主表,中和區,自強國中,自由,平和里,11
主表,中和區,自強國中,自由,延壽里,11
主表,中和區,自強國中,自由,延祿里,11
主表,中和區,自強國中,自由,延吉里,11
主表,中和區,自強國中,自由,安和里,11
主表,中和區,自強國中,自由,瑞穗里(1-6鄰),11
主表,中和區,積穗國中,基本,平河里,11
主表,中和區,積穗國中,基本,信和里,11
主表,中和區,積穗國中,基本,員富里,11
主表,中和區,積穗國中,基本,民安里,11
主表,中和區,積穗國中,基本,安穗里,11
主表,中和區,積穗國中,基本,嘉穗里,11
主表,中和區,積穗國中,基本,嘉慶里,11
主表,中和區,積穗國中,基本,文元里,11
主表,中和區,積穗國中,基本,積穗里(除10、11、32、33鄰),11
主表,中和區,積穗國中,基本,嘉新里,11
主表,中和區,積穗國中,基本,員山里(除11-22鄰、25-35鄰、37-42鄰),11
主表,中和區,積穗國中,自由,民有里,11
主表,中和區,積穗國中,自由,民享里,11
主表,中和區,積穗國中,自由,瑞穗里(7-17鄰),11
主表,中和區,積穗國中,自由,積穗里(10-11、32-33鄰),11
主表,中和區,積穗國中,自由,中正里,11
主表,中和區,積穗國中,自由,碧河里,11
主表,中和區,積穗國中,自由,仁和里,11
主表,中和區,積穗國中,自由,中原里(5-14、18-20鄰),11
主表,中和區,積穗國中,自由,瑞穗里(1-6鄰),11
主表,中和區,積穗國中,自由,員山里(11-22鄰、25-35鄰、37-42鄰),11
主表,中和區,錦和高中(國中部),基本,力行里,12
主表,中和區,錦和高中(國中部),基本,德行里,12
主表,中和區,錦和高中(國中部),基本,錦和里,12
主表,中和區,錦和高中(國中部),基本,錦中里,12
主表,中和區,錦和高中(國中部),基本,錦昌里,12
主表,中和區,錦和高中(國中部),基本,錦盛里,12
主表,中和區,錦和高中(國中部),基本,中山里,12
主表,中和區,錦和高中(國中部),基本,正行里,12
主表,中和區,錦和高中(國中部),基本,建和里,12
主表,中和區,錦和高中(國中部),基本,灰磘里,12
主表,中和區,錦和高中(國中部),自由,中興里,12
主表,中和區,錦和高中(國中部),自由,和興里,12
主表,中和區,錦和高中(國中部),自由,復興里,12
主表,中和區,錦和高中(國中部),自由,中正里,12
主表,中和區,錦和高中(國中部),自由,碧河里,12
主表,中和區,錦和高中(國中部),自由,仁和里,12
主表,中和區,錦和高中(國中部),自由,新南里,12
主表,永和區,永和國中福和國中,基本,網溪里,12
主表,永和區,永和國中福和國中,基本,光復里,12
主表,永和區,永和國中福和國中,基本,復興里,12
主表,永和區,永和國中福和國中,基本,上林里,12
主表,永和區,永和國中福和國中,基本,中興里,12
主表,永和區,永和國中福和國中,基本,勵行里,12
主表,永和區,永和國中福和國中,基本,桂林里,12
主表,永和區,永和國中福和國中,基本,永興里,12
主表,永和區,永和國中福和國中,基本,正興里,12
主表,永和區,永和國中福和國中,基本,竹林里,12
主表,永和區,永和國中福和國中,基本,福林里,12
主表,永和區,永和國中福和國中,基本,豫溪里,12
主表,永和區,永和國中福和國中,基本,大新里,12
主表,永和區,永和國中福和國中,基本,店街里,12
主表,永和區,永和國中福和國中,基本,光明里,12
主表,永和區,永和國中福和國中,基本,永福里,12
主表,永和區,永和國中福和國中,基本,永貞里,12
主表,永和區,永和國中福和國中,基本,福和里,12
主表,永和區,永和國中福和國中,基本,河濱里,12
主表,永和區,永和國中福和國中,基本,秀和里,12
主表,永和區,永和國中福和國中,基本,秀朗里,12
主表,永和區,永和國中福和國中,基本,秀成里,12
主表,永和區,永和國中福和國中,基本,秀林里,12
主表,永和區,永和國中福和國中,基本,秀得里,12
主表,永和區,永和國中福和國中,基本,民本里,12
主表,永和區,永和國中福和國中,基本,民樂里,12
主表,永和區,永和國中福和國中,基本,民族里,12
主表,永和區,永和國中福和國中,基本,民權里,12
主表,永和區,永和國中福和國中,基本,民生里,12
主表,永和區,永和國中福和國中,基本,民治里,12
主表,永和區,永和國中福和國中,基本,智光里,12
主表,永和區,永和國中福和國中,基本,潭墘里,12
主表,永和區,永和國中福和國中,基本,潭安里,12
主表,永和區,永和國中福和國中,基本,永安里,12
主表,永和區,永和國中福和國中,基本,得和里,12
主表,永和區,永和國中福和國中,基本,永元里,12
主表,永和區,永和國中福和國中,基本,河堤里,12
主表,永和區,永和國中福和國中,基本,頂溪里,12
主表,永和區,永和國中福和國中,基本,上溪里,12
主表,永和區,永和國中福和國中,基本,後溪里,12
主表,永和區,永和國中福和國中,基本,秀元里,12
主表,永和區,永和國中福和國中,基本,永樂里,12
主表,永和區,永和國中福和國中,基本,民富里,12
主表,永和區,永和國中福和國中,自由,安和里,12
主表,永和區,永和國中福和國中,自由,雙和里,12
主表,永和區,永和國中福和國中,自由,保平里,12
主表,永和區,永和國中福和國中,自由,水源里,12
主表,永和區,永和國中福和國中,自由,協和里,12
主表,永和區,永和國中福和國中,自由,和平里,12
主表,永和區,永和國中福和國中,自由,前溪里,12
主表,永和區,永平高中(國中部),基本,新廍里,12
主表,永和區,永平高中(國中部),基本,下溪里,12
主表,永和區,永平高中(國中部),基本,仁愛里,12
主表,永和區,永平高中(國中部),基本,文化里,12
主表,永和區,永平高中(國中部),基本,信義里,12
主表,永和區,永平高中(國中部),基本,永成里,12
主表,永和區,永平高中(國中部),基本,忠義里,12
主表,永和區,永平高中(國中部),基本,大同里,12
主表,永和區,永平高中(國中部),基本,新生里,12
主表,永和區,永平高中(國中部),基本,保安里,12
主表,永和區,永平高中(國中部),基本,中溪里,12
主表,永和區,永平高中(國中部),基本,保順里,12
主表,永和區,永平高中(國中部),自由,保平里,12
主表,永和區,永平高中(國中部),自由,水源里,12
主表,永和區,永平高中(國中部),自由,協和里,12
主表,永和區,永平高中(國中部),自由,和平里,12
主表,永和區,永平高中(國中部),自由,前溪里,12
主表,汐止區,樟樹實中(國中部),基本,北峰里,13
主表,汐止區,樟樹實中(國中部),基本,金龍里,13
主表,汐止區,樟樹實中(國中部),基本,湖光里,13
主表,汐止區,樟樹實中(國中部),基本,湖興里,13
主表,汐止區,樟樹實中(國中部),基本,樟樹里,13
主表,汐止區,樟樹實中(國中部),基本,忠孝里,13
主表,汐止區,樟樹實中(國中部),基本,厚德里,13
主表,汐止區,樟樹實中(國中部),基本,山光里,13
主表,汐止區,樟樹實中(國中部),基本,環河里,13
主表,汐止區,樟樹實中(國中部),基本,北山里(除1-13鄰),13
主表,汐止區,樟樹實中(國中部),基本,中興里,13
主表,汐止區,樟樹實中(國中部),基本,康福里,13
主表,汐止區,樟樹實中(國中部),基本,福德里,13
主表,汐止區,樟樹實中(國中部),基本,興福里,13
主表,汐止區,樟樹實中(國中部),自由,忠山里,13
主表,汐止區,樟樹實中(國中部),自由,湖蓮里,13
主表,汐止區,樟樹實中(國中部),自由,北山里(1-13鄰),13
主表,汐止區,樟樹實中(國中部),自由,長青里,13
主表,汐止區,汐止國中,基本,仁德里,13
主表,汐止區,汐止國中,基本,義民里,13
主表,汐止區,汐止國中,基本,禮門里,13
主表,汐止區,汐止國中,基本,智慧里,13
主表,汐止區,汐止國中,基本,大同里,13
主表,汐止區,汐止國中,基本,信望里,13
主表,汐止區,汐止國中,基本,江北里,13
主表,汐止區,汐止國中,基本,連里,13
主表,汐止區,汐止國中,基本,拱北里,13
主表,汐止區,汐止國中,基本,鄉長里,13
主表,汐止區,汐止國中,基本,烘內里,13
主表,汐止區,汐止國中,基本,長安里,13
主表,汐止區,汐止國中,基本,保長里,13
主表,汐止區,汐止國中,基本,保新里,13
主表,汐止區,汐止國中,基本,保安里,13
主表,汐止區,汐止國中,自由,城中里,13
主表,汐止區,汐止國中,自由,建成里,13
主表,汐止區,秀峰高中(國中部),基本,秀峰里,13
主表,汐止區,秀峰高中(國中部),基本,秀山里,13
主表,汐止區,秀峰高中(國中部),基本,新昌里,13
主表,汐止區,秀峰高中(國中部),基本,福安里,13
主表,汐止區,秀峰高中(國中部),基本,茄苳里,13
主表,汐止區,秀峰高中(國中部),基本,崇德里,13
主表,汐止區,秀峰高中(國中部),基本,東山里,13
主表,汐止區,秀峰高中(國中部),基本,橋東里,13
主表,汐止區,秀峰高中(國中部),自由,城中里,13
主表,汐止區,秀峰高中(國中部),自由,建成里,13
主表,汐止區,青山國中小(國中部),基本,復興里,13
主表,汐止區,青山國中小(國中部),基本,自強里,13
主表,汐止區,青山國中小(國中部),基本,文化里,13
主表,汐止區,青山國中小(國中部),基本,橫科里,13
主表,汐止區,青山國中小(國中部),基本,宜興里,13
主表,汐止區,青山國中小(國中部),基本,東勢里,13
主表,汐止區,青山國中小(國中部),基本,福山里,13
主表,汐止區,青山國中小(國中部),基本,白雲里,13
主表,萬里區,萬里國中,基本,萬里,13
主表,萬里區,萬里國中,基本,龜吼里,13
主表,萬里區,萬里國中,基本,野柳里,13
主表,萬里區,萬里國中,基本,中幅里,13
主表,萬里區,萬里國中,基本,北基里,13
主表,萬里區,萬里國中,基本,崁腳里,13
主表,萬里區,萬里國中,基本,溪底里,13
主表,萬里區,萬里國中,基本,雙興里(除9鄰),13
主表,萬里區,萬里國中,自由,大鵬里,13
主表,萬里區,萬里國中,自由,磺潭里,13
主表,萬里區,萬里國中,自由,雙興里(9鄰),13
主表,金山區,金山高中(國中部),基本,全區轄區,13
主表,金山區,金山高中(國中部),自由,大鵬里,13
主表,金山區,金山高中(國中部),自由,磺潭里,13
主表,金山區,金山高中(國中部),自由,雙興里(9鄰),13
主表,新店區,文山國中,基本,太平里,14
主表,新店區,文山國中,基本,張南里,14
主表,新店區,文山國中,基本,廣明里,14
主表,新店區,文山國中,基本,新店里,14
主表,新店區,文山國中,基本,文中里,14
主表,新店區,文山國中,基本,國校里,14
主表,新店區,文山國中,基本,青潭里,14
主表,新店區,文山國中,基本,美城里,14
主表,新店區,文山國中,基本,美潭里(除16-20鄰),14
主表,新店區,文山國中,基本,員潭里,14
主表,新店區,文山國中,基本,雙坑里,14
主表,新店區,文山國中,基本,粗坑里,14
主表,新店區,文山國中,基本,屈尺里,14
主表,新店區,文山國中,基本,龜山里,14
主表,新店區,文山國中,基本,廣興里,14
主表,新店區,文山國中,基本,塗潭里,14
主表,新店區,文山國中,基本,直潭里,14
主表,新店區,文山國中,基本,文明里,14
主表,新店區,文山國中,基本,新生里(1-8鄰),14
主表,新店區,文山國中,基本,頂城里(1-10鄰),14
主表,新店區,文山國中,基本,華城里,14
主表,新店區,文山國中,自由,中華里,14
主表,新店區,文山國中,自由,百福里,14
主表,新店區,文山國中,自由,福民里,14
主表,新店區,文山國中,自由,中央里,14
主表,新店區,文山國中,自由,美潭里(16-20鄰),14
主表,新店區,文山國中,自由,福德里,14
主表,新店區,文山國中,自由,中興里,14
主表,新店區,文山國中,自由,百忍里,14
主表,新店區,文山國中,自由,下城里,14
主表,新店區,文山國中,自由,頂城里,14
主表,新店區,文山國中,自由,石碇區永安里,14
主表,新店區,文山國中,自由,格頭里,14
主表,新店區,五峰國中,基本,大豐里,14
主表,新店區,五峰國中,基本,大同里,14
主表,新店區,五峰國中,基本,大鵬里,14
主表,新店區,五峰國中,基本,忠孝里,14
主表,新店區,五峰國中,基本,信義里,14
主表,新店區,五峰國中,基本,寶安里,14
主表,新店區,五峰國中,基本,明德里,14
主表,新店區,五峰國中,基本,建國里,14
主表,新店區,五峰國中,基本,國豐里,14
主表,新店區,五峰國中,基本,新安里,14
主表,新店區,五峰國中,基本,百和里,14
主表,新店區,五峰國中,基本,仁愛里,14
主表,新店區,五峰國中,基本,中正里,14
主表,新店區,五峰國中,基本,復興里,14
主表,新店區,五峰國中,基本,新德里,14
主表,新店區,五峰國中,基本,寶興里,14
主表,新店區,五峰國中,基本,張北里,14
主表,新店區,五峰國中,基本,峰里,14
主表,新店區,五峰國中,基本,長春里,14
主表,新店區,五峰國中,基本,忠誠里,14
主表,新店區,五峰國中,基本,寶福里,14
主表,新店區,五峰國中,基本,江陵里,14
主表,新店區,五峰國中,基本,中山里,14
主表,新店區,五峰國中,基本,和平里,14
主表,新店區,五峰國中,基本,新生里(9-26鄰),14
主表,新店區,五峰國中,自由,中華里,14
主表,新店區,五峰國中,自由,百福里,14
主表,新店區,五峰國中,自由,福民里,14
主表,新店區,五峰國中,自由,中央里,14
主表,新店區,五峰國中,自由,美潭里(16-20鄰),14
主表,新店區,五峰國中,自由,福德里,14
主表,新店區,五峰國中,自由,中興里,14
主表,新店區,五峰國中,自由,百忍里,14
主表,新店區,安康高中(國中部),基本,柴埕里,14
主表,新店區,安康高中(國中部),基本,公崙里,14
主表,新店區,安康高中(國中部),基本,安和里,14
主表,新店區,安康高中(國中部),基本,安昌里,14
主表,新店區,安康高中(國中部),基本,德安里(1-17鄰、車子路以南除外),14
主表,新店區,安康高中(國中部),自由,新和里,14
主表,新店區,安康高中(國中部),自由,永平里,14
主表,新店區,安康高中(國中部),自由,永安里,14
主表,新店區,安康高中(國中部),自由,下城里,14
主表,新店區,安康高中(國中部),自由,頂城里,14
主表,新店區,達觀國中小(國中部),基本,德安里(18-28鄰、車子路以南),14
主表,新店區,達觀國中小(國中部),基本,小城里,14
主表,新店區,達觀國中小(國中部),基本,吉祥里,14
主表,新店區,達觀國中小(國中部),基本,玫瑰里,14
主表,新店區,達觀國中小(國中部),基本,明城里,14
主表,新店區,達觀國中小(國中部),基本,達觀里,14
主表,新店區,達觀國中小(國中部),基本,雙城里,14
主表,新店區,達觀國中小(國中部),基本,日興里,14
主表,新店區,達觀國中小(國中部),基本,香坡里,14
主表,深坑區,深坑國中,基本,全區轄區,14
主表,深坑區,深坑國中,自由,深坑區土庫里,14
主表,石碇區,石碇高中(國中部),基本,全區轄區,15
主表,石碇區,石碇高中(國中部),自由,石碇區永安里,15
主表,石碇區,石碇高中(國中部),自由,格頭里,15
主表,石碇區,石碇高中(國中部),自由,深坑區土庫里,15
主表,坪林區,坪林實中,基本,全區轄區,15
主表,坪林區,坪林實中,自由,石碇區永安里,15
主表,坪林區,坪林實中,自由,格頭里,15
主表,烏來區,烏來國中小(國中部),基本,烏來里,15
主表,烏來區,烏來國中小(國中部),基本,忠治里,15
主表,烏來區,烏來國中小(國中部),基本,孝義里,15
主表,烏來區,烏來國中小(國中部),基本,信賢里,15
主表,烏來區,烏來國中小(國中部),基本,福山里,15
主表,瑞芳區,瑞芳國中,基本,龍潭里,15
主表,瑞芳區,瑞芳國中,基本,龍興里,15
主表,瑞芳區,瑞芳國中,基本,龍鎮里,15
主表,瑞芳區,瑞芳國中,基本,龍安里,15
主表,瑞芳區,瑞芳國中,基本,龍川里,15
主表,瑞芳區,瑞芳國中,基本,龍山里,15
主表,瑞芳區,瑞芳國中,基本,爪峰里,15
主表,瑞芳區,瑞芳國中,基本,新峰里,15
主表,瑞芳區,瑞芳國中,基本,東和里,15
主表,瑞芳區,瑞芳國中,基本,柑坪里,15
主表,瑞芳區,瑞芳國中,基本,猴硐里,15
主表,瑞芳區,瑞芳國中,基本,光復里,15
主表,瑞芳區,瑞芳國中,基本,弓橋里,15
主表,瑞芳區,瑞芳國中,基本,碩仁里,15
主表,瑞芳區,瑞芳國中,基本,吉慶里,15
主表,瑞芳區,瑞芳國中,基本,吉安里,15
主表,瑞芳區,瑞芳國中,基本,上天里,15
主表,瑞芳區,瑞芳國中,基本,傑魚里,15
主表,瑞芳區,瑞芳國中,自由,瑞濱里,15
主表,瑞芳區,瑞芳國中,自由,海濱里,15
主表,瑞芳區,瑞芳國中,自由,深澳里,15
主表,瑞芳區,欽賢國中,基本,福住里,15
主表,瑞芳區,欽賢國中,基本,崇文里,15
主表,瑞芳區,欽賢國中,基本,基山里,15
主表,瑞芳區,欽賢國中,基本,頌德里,15
主表,瑞芳區,欽賢國中,基本,永慶里,15
主表,瑞芳區,欽賢國中,基本,新山里,15
主表,瑞芳區,欽賢國中,基本,銅山里,15
主表,瑞芳區,欽賢國中,基本,石山里,15
主表,瑞芳區,欽賢國中,基本,瓜山里,15
主表,瑞芳區,欽賢國中,基本,鼻頭里,15
主表,瑞芳區,欽賢國中,基本,濂新里,15
主表,瑞芳區,欽賢國中,基本,濂洞里,15
主表,瑞芳區,欽賢國中,基本,南雅里,15
主表,瑞芳區,欽賢國中,自由,瑞濱里,15
主表,瑞芳區,欽賢國中,自由,海濱里,15
主表,瑞芳區,欽賢國中,自由,深澳里,15
主表,雙溪區,雙溪高中(國中部),基本,全區轄區,16
主表,貢寮區,貢寮實中,基本,全區轄區(除和美里13-20鄰),16
主表,貢寮區,貢寮實中,自由,和美里(13-20鄰),16
主表,平溪區,平溪國中,基本,全區轄區,16
主表,淡水區,正德國中,基本,崁頂里(除5、18-19鄰),17
主表,淡水區,正德國中,基本,埤島里,17
主表,淡水區,正德國中,基本,忠寮里,17
主表,淡水區,正德國中,基本,北投里,17
主表,淡水區,正德國中,基本,水源里,17
主表,淡水區,正德國中,基本,水碓里,17
主表,淡水區,正德國中,基本,正德里,17
主表,淡水區,正德國中,基本,北新里,17
主表,淡水區,正德國中,基本,忠山里,17
主表,淡水區,正德國中,基本,中和里,17
主表,淡水區,正德國中,基本,義山里,17
主表,淡水區,正德國中,基本,蕃薯里,17
主表,淡水區,正德國中,基本,賢孝里,17
主表,淡水區,正德國中,基本,屯山里,17
主表,淡水區,正德國中,基本,興仁里,17
主表,淡水區,正德國中,基本,新義里(9-14鄰),17
主表,淡水區,正德國中,基本,新興里(1-3鄰、5鄰新興街84-90號15樓雙號除外、8鄰),17
主表,淡水區,正德國中,基本,新春里(6-10、14-15鄰),17
主表,淡水區,正德國中,基本,學府里(16-18鄰),17
主表,淡水區,正德國中,基本,中興里(6-7鄰),17
主表,淡水區,正德國中,自由,興華里,17
主表,淡水區,正德國中,自由,店子里,17
主表,淡水區,正德國中(賢孝校區),基本,崁頂里(除5、18-19鄰),17
主表,淡水區,正德國中(賢孝校區),基本,埤島里,17
主表,淡水區,正德國中(賢孝校區),基本,忠寮里,17
主表,淡水區,正德國中(賢孝校區),基本,北投里,17
主表,淡水區,正德國中(賢孝校區),基本,水源里,17
主表,淡水區,正德國中(賢孝校區),基本,水碓里,17
主表,淡水區,正德國中(賢孝校區),基本,正德里,17
主表,淡水區,正德國中(賢孝校區),基本,北新里,17
主表,淡水區,正德國中(賢孝校區),基本,忠山里,17
主表,淡水區,正德國中(賢孝校區),基本,中和里,17
主表,淡水區,正德國中(賢孝校區),基本,義山里,17
主表,淡水區,正德國中(賢孝校區),基本,蕃薯里,17
主表,淡水區,正德國中(賢孝校區),基本,賢孝里,17
主表,淡水區,正德國中(賢孝校區),基本,屯山里,17
主表,淡水區,正德國中(賢孝校區),基本,興仁里,17
主表,淡水區,正德國中(賢孝校區),基本,新義里(9-14鄰),17
主表,淡水區,正德國中(賢孝校區),基本,新興里(1-3鄰、5鄰新興街84-90號15樓雙號除外、8鄰),17
主表,淡水區,正德國中(賢孝校區),基本,新春里(6-10、14-15鄰),17
主表,淡水區,正德國中(賢孝校區),基本,學府里(16-18鄰),17
主表,淡水區,正德國中(賢孝校區),基本,中興里(6-7鄰),17
主表,淡水區,正德國中(賢孝校區),自由,興華里,17
主表,淡水區,正德國中(賢孝校區),自由,店子里,17
主表,淡水區,淡水國中,基本,樹興里,"17,18"
主表,淡水區,淡水國中,基本,油車里,"17,18"
主表,淡水區,淡水國中,基本,沙崙里,"17,18"
主表,淡水區,淡水國中,基本,大庄里,"17,18"
主表,淡水區,淡水國中,基本,永吉里,"17,18"
主表,淡水區,淡水國中,基本,協元里,"17,18"
主表,淡水區,淡水國中,基本,新生里,"17,18"
主表,淡水區,淡水國中,基本,民安里,"17,18"
主表,淡水區,淡水國中,基本,文化里,"17,18"
主表,淡水區,淡水國中,基本,新民里,"17,18"
主表,淡水區,淡水國中,基本,長庚里,"17,18"
主表,淡水區,淡水國中,基本,清文里,"17,18"
主表,淡水區,淡水國中,基本,草東里,"17,18"
主表,淡水區,淡水國中,基本,學府里(除16-18鄰),"17,18"
主表,淡水區,淡水國中,基本,新義里(1-8鄰),"17,18"
主表,淡水區,淡水國中,基本,崁頂里(5、18-19鄰),"17,18"
主表,淡水區,淡水國中,基本,新興里(4鄰、5鄰新興街84-90號15樓雙號、6-7、9鄰),"17,18"
主表,淡水區,淡水國中,基本,新春里(1-5、11-13鄰),"17,18"
主表,淡水區,淡水國中,基本,中興里(除6-7鄰),"17,18"
主表,淡水區,淡水國中,自由,竿蓁里,"17,18"
主表,淡水區,淡水國中,自由,鄧公里,"17,18"
主表,淡水區,淡水國中,自由,幸福里,"17,18"
主表,淡水區,淡水國中,自由,坪頂里,"17,18"
主表,淡水區,竹圍高中(國中部),基本,竹圍里,18
主表,淡水區,竹圍高中(國中部),基本,民權里,18
主表,淡水區,竹圍高中(國中部),基本,福德里,18
主表,淡水區,竹圍高中(國中部),基本,民生里,18
主表,淡水區,竹圍高中(國中部),基本,勢里,18
主表,淡水區,竹圍高中(國中部),自由,竿蓁里,18
主表,淡水區,竹圍高中(國中部),自由,鄧公里,18
主表,淡水區,竹圍高中(國中部),自由,幸福里,18
主表,淡水區,竹圍高中(國中部),自由,坪頂里,18
主表,石門區,石門實中,基本,全區轄區,18
主表,三芝區,三芝國中,基本,賢里,18
主表,三芝區,三芝國中,基本,埔頭里,18
主表,三芝區,三芝國中,基本,埔坪里,18
主表,三芝區,三芝國中,基本,古庄里,18
主表,三芝區,三芝國中,基本,新庄里,18
主表,三芝區,三芝國中,基本,茂長里,18
主表,三芝區,三芝國中,基本,橫山里,18
主表,三芝區,三芝國中,基本,錫板里,18
主表,三芝區,三芝國中,基本,後厝里,18
主表,三芝區,三芝國中,基本,福德里,18
主表,三芝區,三芝國中,基本,圓山里,18
主表,三芝區,三芝國中,自由,興華里,18
主表,三芝區,三芝國中,自由,店子里,18
主表,三重區,三重高中(國中部),基本,福祉里,19
主表,三重區,三重高中(國中部),基本,福德里,19
主表,三重區,三重高中(國中部),基本,福民里,19
主表,三重區,三重高中(國中部),基本,成功里,19
主表,三重區,三重高中(國中部),基本,光正里,19
主表,三重區,三重高中(國中部),基本,光明里,19
主表,三重區,三重高中(國中部),基本,同安里,19
主表,三重區,三重高中(國中部),基本,同慶里,19
主表,三重區,三重高中(國中部),基本,清和里,19
主表,三重區,三重高中(國中部),基本,福星里,19
主表,三重區,三重高中(國中部),基本,福利里,19
主表,三重區,三重高中(國中部),基本,光榮里,19
主表,三重區,三重高中(國中部),基本,光輝里,19
主表,三重區,三重高中(國中部),基本,仁德里,19
主表,三重區,三重高中(國中部),基本,忠孝里,19
主表,三重區,三重高中(國中部),基本,仁義里,19
主表,三重區,三重高中(國中部),基本,大同里,19
主表,三重區,三重高中(國中部),基本,中民里,19
主表,三重區,三重高中(國中部),基本,平和里,19
主表,三重區,三重高中(國中部),基本,大安里,19
主表,三重區,三重高中(國中部),基本,中正里,19
主表,三重區,三重高中(國中部),基本,吉利里,19
主表,三重區,三重高中(國中部),基本,菜寮里,19
主表,三重區,三重高中(國中部),基本,永春里,19
主表,三重區,三重高中(國中部),自由,谷王里,19
主表,三重區,三重高中(國中部),自由,永興里,19
主表,三重區,二重國中,基本,博愛里,19
主表,三重區,二重國中,基本,重里,19
主表,三重區,二重國中,基本,福田里,19
主表,三重區,二重國中,基本,大有里,19
主表,三重區,二重國中,基本,永發里,19
主表,三重區,二重國中,基本,培德里(12-24鄰),19
主表,三重區,二重國中,基本,永煇里,19
主表,三重區,二重國中,基本,田心里,19
主表,三重區,二重國中,基本,谷里,19
主表,三重區,二重國中,基本,谷王里,19
主表,三重區,二重國中,基本,德厚里,19
主表,三重區,二重國中,自由,谷王里,19
主表,三重區,二重國中,自由,田中里,19
主表,三重區,二重國中,自由,光田里,19
主表,三重區,二重國中,自由,田安里,19
主表,三重區,二重國中,自由,福里,19
主表,三重區,二重國中,自由,立德里,19
主表,三重區,二重國中,自由,重明里,19
主表,三重區,二重國中,自由,光陽里,19
主表,三重區,二重國中,自由,股區興珍里(1-32鄰、38-40鄰),19
主表,三重區,二重國中,自由,更寮里,19
主表,三重區,二重國中,自由,頂崁里,19
主表,三重區,二重國中,自由,中興里,19
主表,三重區,三和國中,基本,永清里,19
主表,三重區,三和國中,基本,永順里,19
主表,三重區,三和國中,基本,永福里,19
主表,三重區,三和國中,基本,永盛里,19
主表,三重區,三和國中,基本,永吉里,19
主表,三重區,三和國中,基本,永安里,19
主表,三重區,三和國中,基本,永德里,19
主表,三重區,三和國中,基本,永豐里,19
主表,三重區,三和國中,基本,維德里,19
主表,三重區,三和國中,基本,厚德里,19
主表,三重區,三和國中,基本,培德里(1-11鄰),19
主表,三重區,三和國中,基本,尚德里(6-15、17-29鄰),19
主表,三重區,三和國中,自由,福隆里,19
主表,三重區,三和國中,自由,福樂里,19
主表,三重區,三和國中,自由,溪美里,19
主表,三重區,光榮國中,基本,長安里,19
主表,三重區,光榮國中,基本,長泰里,19
主表,三重區,光榮國中,基本,長江里,19
主表,三重區,光榮國中,基本,萬壽里,19
主表,三重區,光榮國中,基本,安里,19
主表,三重區,光榮國中,基本,開元里,19
主表,三重區,光榮國中,基本,長元里,19
主表,三重區,光榮國中,基本,秀江里,19
主表,三重區,光榮國中,基本,奕壽里,19
主表,三重區,光榮國中,基本,長福里,19
主表,三重區,光榮國中,基本,介壽里,19
主表,三重區,光榮國中,基本,錦江里,19
主表,三重區,光榮國中,基本,崇德里,19
主表,三重區,光榮國中,基本,龍濱里,19
主表,三重區,光榮國中,基本,龍門里,19
主表,三重區,光榮國中,基本,順德里,19
主表,三重區,光榮國中,基本,承德里,19
主表,三重區,光榮國中,基本,瑞德里,19
主表,三重區,光榮國中,基本,中央里,19
主表,三重區,光榮國中,基本,光華里,19
主表,三重區,光榮國中,基本,大德里,19
主表,三重區,光榮國中,基本,長生里,19
主表,三重區,光榮國中,基本,錦通里,19
主表,三重區,光榮國中,基本,雙園里,19
主表,三重區,光榮國中,基本,錦安里,19
主表,三重區,光榮國中,基本,尚德里(1-5、16鄰),19
主表,三重區,光榮國中,自由,永興里,19
主表,三重區,明志國中,基本,信安里,"19,20"
主表,三重區,明志國中,基本,合里,"19,20"
主表,三重區,明志國中,基本,幸福里,"19,20"
主表,三重區,明志國中,基本,重陽里,"19,20"
主表,三重區,明志國中,基本,過田里,"19,20"
主表,三重區,明志國中,基本,錦田里,"19,20"
主表,三重區,明志國中,基本,中山里,"19,20"
主表,三重區,明志國中,基本,民生里,"19,20"
主表,三重區,明志國中,基本,大園里,"19,20"
主表,三重區,明志國中,基本,重新里,"19,20"
主表,三重區,明志國中,基本,正德里,"19,20"
主表,三重區,明志國中,基本,正義里,"19,20"
主表,三重區,明志國中,基本,正安里,"19,20"
主表,三重區,明志國中,基本,自強里,"19,20"
主表,三重區,明志國中,基本,安慶里,"19,20"
主表,三重區,明志國中,基本,福安里,"19,20"
主表,三重區,明志國中,基本,國隆里,"19,20"
主表,三重區,明志國中,基本,民里,"19,20"
主表,三重區,明志國中,基本,文化里,"19,20"
主表,三重區,明志國中,基本,福里(19鄰),"19,20"
主表,三重區,明志國中,基本,光田里,"19,20"
主表,三重區,明志國中,基本,田中里,"19,20"
主表,三重區,明志國中,自由,谷王里,"19,20"
主表,三重區,明志國中,自由,田中里,"19,20"
主表,三重區,明志國中,自由,光田里,"19,20"
主表,三重區,明志國中,自由,田安里,"19,20"
主表,三重區,明志國中,自由,福里,"19,20"
主表,三重區,明志國中,自由,立德里,"19,20"
主表,三重區,明志國中,自由,重明里,"19,20"
主表,三重區,明志國中,自由,光陽里,"19,20"
主表,三重區,碧華國中,基本,碧華里,20
主表,三重區,碧華國中,基本,富華里,20
主表,三重區,碧華國中,基本,富福里,20
主表,三重區,碧華國中,基本,富貴里,20
主表,三重區,碧華國中,基本,福里,20
主表,三重區,碧華國中,基本,仁忠里,20
主表,三重區,碧華國中,基本,常里,20
主表,三重區,碧華國中,基本,慈化里,20
主表,三重區,碧華國中,基本,慈祐里,20
主表,三重區,碧華國中,基本,華里,20
主表,三重區,碧華國中,基本,慈惠里,20
主表,三重區,碧華國中,基本,慈愛里,20
主表,三重區,碧華國中,基本,慈生里,20
主表,三重區,碧華國中,基本,慈福里,20
主表,三重區,碧華國中,基本,順里,20
主表,三重區,碧華國中,基本,仁華里,20
主表,三重區,碧華國中,自由,福隆里,20
主表,三重區,碧華國中,自由,福樂里,20
主表,三重區,碧華國中,自由,溪美里,20
主表,蘆洲區,蘆洲國中,基本,忠義里,21
主表,蘆洲區,蘆洲國中,基本,長安里,21
主表,蘆洲區,蘆洲國中,基本,永安里,21
主表,蘆洲區,蘆洲國中,基本,延平里,21
主表,蘆洲區,蘆洲國中,基本,芎里,21
主表,蘆洲區,蘆洲國中,基本,正義里(8-9、18-25鄰),21
主表,蘆洲區,蘆洲國中,基本,永德里,21
主表,蘆洲區,蘆洲國中,基本,中原里,21
主表,蘆洲區,蘆洲國中,基本,光明里,21
主表,蘆洲區,蘆洲國中,基本,得勝里,21
主表,蘆洲區,蘆洲國中,基本,光華里,21
主表,蘆洲區,蘆洲國中,基本,中華里,21
主表,蘆洲區,蘆洲國中,基本,中路里,21
主表,蘆洲區,蘆洲國中,基本,得仁里,21
主表,蘆洲區,蘆洲國中,基本,樹德里,21
主表,蘆洲區,蘆洲國中,基本,民和里,21
主表,蘆洲區,蘆洲國中,基本,保佑里,21
主表,蘆洲區,蘆洲國中,基本,溪墘里,21
主表,蘆洲區,蘆洲國中,基本,保新里(除9-12鄰),21
主表,蘆洲區,蘆洲國中,自由,保和里(除第8鄰三民路96-106號),21
主表,蘆洲區,蘆洲國中,自由,仁復里,21
主表,蘆洲區,蘆洲國中,自由,正義里(2-3、7、15-17鄰),21
主表,蘆洲區,蘆洲國中,自由,永康里,21
主表,蘆洲區,蘆洲國中,自由,股區觀音里,21
主表,蘆洲區,蘆洲國中,自由,集賢里,21
主表,蘆洲區,蘆洲國中,自由,集福里,21
主表,蘆洲區,蘆洲國中,自由,成德里,21
主表,蘆洲區,蘆洲國中,自由,成州里,21
主表,蘆洲區,蘆洲國中,自由,股區興珍里(1-32、38-40鄰),21
主表,蘆洲區,蘆洲國中,自由,更寮里,21
主表,蘆洲區,三民高中(國中部),基本,樓厝里,21
主表,蘆洲區,三民高中(國中部),基本,玉清里,21
主表,蘆洲區,三民高中(國中部),基本,信義里,21
主表,蘆洲區,三民高中(國中部),基本,福安里,21
主表,蘆洲區,三民高中(國中部),基本,仁義里,21
主表,蘆洲區,三民高中(國中部),基本,鷺江里,21
主表,蘆洲區,三民高中(國中部),基本,仁愛里,21
主表,蘆洲區,三民高中(國中部),基本,復興里,21
主表,蘆洲區,三民高中(國中部),基本,仁德里,21
主表,蘆洲區,三民高中(國中部),基本,恆德里,21
主表,蘆洲區,三民高中(國中部),基本,保和里(第8鄰三民路96-106號),21
主表,蘆洲區,三民高中(國中部),基本,水河里,21
主表,蘆洲區,三民高中(國中部),基本,水湳里,21
主表,蘆洲區,三民高中(國中部),基本,忠孝里,21
主表,蘆洲區,三民高中(國中部),自由,保和里(除第8鄰三民路96-106號),21
主表,蘆洲區,三民高中(國中部),自由,仁復里,21
主表,蘆洲區,鷺江國中,基本,成功里,21
主表,蘆洲區,鷺江國中,基本,南港里,21
主表,蘆洲區,鷺江國中,基本,永樂里,21
主表,蘆洲區,鷺江國中,基本,保新里(9-12鄰),21
主表,蘆洲區,鷺江國中,基本,正義里(1、4-6、10-14鄰),21
主表,蘆洲區,鷺江國中,自由,正義里(2-3、7、15-17鄰),21
主表,蘆洲區,鷺江國中,自由,永康里,21
主表,蘆洲區,鷺江國中,自由,股區觀音里,21
主表,蘆洲區,鷺江國中,自由,集賢里,21
主表,蘆洲區,鷺江國中,自由,集福里,21
主表,蘆洲區,鷺江國中,自由,成德里,21
主表,蘆洲區,鷺江國中,自由,成州里,21
主表,新莊區,新莊國中,基本,文明里,22
主表,新莊區,新莊國中,基本,恆安里,22
主表,新莊區,新莊國中,基本,立人里,22
主表,新莊區,新莊國中,基本,榮和里,22
主表,新莊區,新莊國中,基本,文德里,22
主表,新莊區,新莊國中,基本,興漢里,22
主表,新莊區,新莊國中,基本,全安里,22
主表,新莊區,新莊國中,基本,海山里,22
主表,新莊區,新莊國中,基本,豐年里,22
主表,新莊區,新莊國中,基本,泰豐里,22
主表,新莊區,新莊國中,基本,文衡里,22
主表,新莊區,新莊國中,基本,文聖里,22
主表,新莊區,新莊國中,基本,國泰里,22
主表,新莊區,新莊國中,基本,中美里,22
主表,新莊區,新莊國中,基本,立德里(1-8鄰),22
主表,新莊區,新莊國中,自由,思源里(1-4、19、20鄰),22
主表,新莊區,新莊國中,自由,全泰里,22
主表,新莊區,新莊國中,自由,思賢里2鄰,22
主表,新莊區,新莊國中,自由,瓊林里(1-12鄰),22
主表,新莊區,新莊國中,自由,瓊林里(13鄰),22
主表,新莊區,新泰國中,基本,中華里,22
主表,新莊區,新泰國中,基本,中和里,22
主表,新莊區,新泰國中,基本,中誠里,22
主表,新莊區,新泰國中,基本,中宏里,22
主表,新莊區,新泰國中,基本,中全里,22
主表,新莊區,新泰國中,基本,中泰里,22
主表,新莊區,新泰國中,基本,立志里,22
主表,新莊區,新泰國中,基本,立基里,22
主表,新莊區,新泰國中,基本,立言里,22
主表,新莊區,新泰國中,基本,立泰里,22
主表,新莊區,新泰國中,基本,立廷里(幸福路單號單巷),22
主表,新莊區,新泰國中,基本,思賢里(除2鄰),22
主表,新莊區,新泰國中,基本,忠孝里,22
主表,新莊區,新泰國中,基本,立功里,22
主表,新莊區,新泰國中,基本,立德里(除1-8鄰),22
主表,新莊區,新泰國中,基本,自立里,22
主表,新莊區,新泰國中,基本,自強里,22
主表,新莊區,新泰國中,基本,營盤里(三泰路以東北為界),22
主表,新莊區,新泰國中,自由,全泰里,22
主表,新莊區,新泰國中,自由,思賢里2鄰,22
主表,新莊區,新泰國中,自由,瓊林里(1-12鄰),22
主表,新莊區,新泰國中,自由,泰山區義仁里(30-39鄰),22
主表,新莊區,新泰國中,自由,貴賢里(9-14鄰及貴子路67巷),22
主表,新莊區,新泰國中,自由,營盤里(7、8鄰),22
主表,新莊區,中平國中,基本,立廷里(除幸福路單號、單巷),22
主表,新莊區,中平國中,基本,中港里,22
主表,新莊區,中平國中,基本,中原里,22
主表,新莊區,中平國中,基本,中信里,22
主表,新莊區,中平國中,基本,中平里,22
主表,新莊區,中平國中,基本,中隆里,22
主表,新莊區,頭前國中,基本,思源里(5-18、21、22鄰),22
主表,新莊區,頭前國中,基本,幸福里,22
主表,新莊區,頭前國中,基本,昌平里,22
主表,新莊區,頭前國中,基本,昌隆里,22
主表,新莊區,頭前國中,基本,仁愛里,22
主表,新莊區,頭前國中,基本,仁義里,22
主表,新莊區,頭前國中,基本,信義里,22
主表,新莊區,頭前國中,基本,和平里,22
主表,新莊區,頭前國中,基本,昌明里,22
主表,新莊區,頭前國中,基本,昌信里,22
主表,新莊區,頭前國中,基本,自信里,22
主表,新莊區,頭前國中,基本,福基里,22
主表,新莊區,頭前國中,基本,福興里,22
主表,新莊區,頭前國中,基本,頭前里,22
主表,新莊區,頭前國中,基本,化成里,22
主表,新莊區,頭前國中,自由,思源里(1-4、19、20鄰),22
主表,新莊區,頭前國中,自由,股區興珍里(33-37鄰),22
主表,新莊區,頭前國中,自由,重區中興里,22
主表,新莊區,頭前國中,自由,頂崁里,22
主表,新莊區,福營國中,基本,富民里,"22,23"
主表,新莊區,福營國中,基本,民全里,"22,23"
主表,新莊區,福營國中,基本,後港里,"22,23"
主表,新莊區,福營國中,基本,富國里,"22,23"
主表,新莊區,福營國中,基本,西盛里(1-5、19、22鄰),"22,23"
主表,新莊區,福營國中,基本,萬安里,"22,23"
主表,新莊區,福營國中,基本,民安里(除17、18、23-33鄰),"22,23"
主表,新莊區,福營國中,基本,民本里,"22,23"
主表,新莊區,福營國中,基本,維里,"22,23"
主表,新莊區,福營國中,基本,後德里,"22,23"
主表,新莊區,福營國中,基本,建安里,"22,23"
主表,新莊區,福營國中,基本,建福里,"22,23"
主表,新莊區,福營國中,基本,福營里,"22,23"
主表,新莊區,福營國中,基本,南港里,"22,23"
主表,新莊區,福營國中,基本,成德里,"22,23"
主表,新莊區,福營國中,基本,營盤里(三泰路以西南為界),"22,23"
主表,新莊區,福營國中,基本,瓊林里(14-20鄰),"22,23"
主表,新莊區,福營國中,基本,民有里,"22,23"
主表,新莊區,福營國中,基本,龍安里(除第15鄰),"22,23"
主表,新莊區,福營國中,基本,德里,"22,23"
主表,新莊區,福營國中,自由,瓊林里(1-12鄰),"22,23"
主表,新莊區,福營國中,自由,裕民里,"22,23"
主表,新莊區,福營國中,自由,合鳳里,"22,23"
主表,新莊區,福營國中,自由,祥鳳里,"22,23"
主表,新莊區,福營國中,自由,民安里(28-29鄰),"22,23"
主表,新莊區,福營國中,自由,瓊林里(13鄰),"22,23"
主表,新莊區,福營國中,自由,西盛里(12、14-18、25-29鄰),"22,23"
主表,新莊區,福營國中,自由,營盤里(7、8鄰),"22,23"
主表,新莊區,丹鳳高中(國中部),基本,西盛里(6-9、11、13、20-21、23鄰),23
主表,新莊區,丹鳳高中(國中部),基本,丹鳳里,23
主表,新莊區,丹鳳高中(國中部),基本,龍鳳里,23
主表,新莊區,丹鳳高中(國中部),基本,龍福里,23
主表,新莊區,丹鳳高中(國中部),基本,雙鳳里,23
主表,新莊區,丹鳳高中(國中部),基本,光華里,23
主表,新莊區,丹鳳高中(國中部),基本,光明里,23
主表,新莊區,丹鳳高中(國中部),基本,光榮里,23
主表,新莊區,丹鳳高中(國中部),基本,光正里,23
主表,新莊區,丹鳳高中(國中部),基本,龍安里(15鄰),23
主表,新莊區,丹鳳高中(國中部),基本,民安里(17、18、23-27、30-33鄰),23
主表,新莊區,丹鳳高中(國中部),基本,光和里,23
主表,新莊區,丹鳳高中(國中部),自由,裕民里,23
主表,新莊區,丹鳳高中(國中部),自由,合鳳里,23
主表,新莊區,丹鳳高中(國中部),自由,祥鳳里,23
主表,新莊區,丹鳳高中(國中部),自由,民安里(28-29鄰),23
主表,新莊區,丹鳳高中(國中部),自由,泰山區貴和里(33-38鄰),23
主表,新莊區,丹鳳高中(國中部),自由,西盛里(10、24鄰),23
主表,泰山區,泰山國中,基本,大科里(1-6、9-12鄰),23
主表,泰山區,泰山國中,基本,黎明里,23
主表,泰山區,泰山國中,基本,山腳里,23
主表,泰山區,泰山國中,基本,福泰里,23
主表,泰山區,泰山國中,基本,楓樹里,23
主表,泰山區,泰山國中,基本,福興里(1-18鄰),23
主表,泰山區,泰山國中,自由,同榮里(1-16、30鄰),23
主表,泰山區,泰山國中,自由,同興里(1-12鄰),23
主表,泰山區,泰山國中,自由,全興里(1-7鄰),23
主表,泰山區,泰山國中,自由,福興里(19-25鄰),23
主表,泰山區,泰山國中,自由,大科里(7、8鄰),23
主表,泰山區,義學國中,基本,義學里,23
主表,泰山區,義學國中,基本,義仁里(1-29鄰),23
主表,泰山區,義學國中,基本,明志里,23
主表,泰山區,義學國中,基本,新明里,23
主表,泰山區,義學國中,基本,貴子里,23
主表,泰山區,義學國中,基本,貴賢里(1-8、15-27鄰),23
主表,泰山區,義學國中,基本,貴和里(1-32、39-42鄰),23
主表,泰山區,義學國中,基本,泰友里,23
主表,泰山區,義學國中,基本,全興里(8-25鄰),23
主表,泰山區,義學國中,基本,大科里(13-16鄰),23
主表,泰山區,義學國中,基本,同榮里(17-29鄰),23
主表,泰山區,義學國中,基本,同興里(13-24鄰),23
主表,泰山區,義學國中,自由,同榮里(1-16、30鄰),23
主表,泰山區,義學國中,自由,同興里(1-12鄰),23
主表,泰山區,義學國中,自由,全興里(1-7鄰),23
主表,泰山區,義學國中,自由,福興里(19-25鄰),23
主表,泰山區,義學國中,自由,義仁里(30-39鄰),23
主表,泰山區,義學國中,自由,貴賢里(9-14鄰),23
主表,泰山區,義學國中,自由,貴和里(33-38鄰),23
主表,五股區,五股國中,基本,全區轄區,24
主表,五股區,五股國中,自由,觀音里,24
主表,五股區,五股國中,自由,集賢里,24
主表,五股區,五股國中,自由,集福里,24
主表,五股區,五股國中,自由,成德里,24
主表,五股區,五股國中,自由,成州里,24
主表,五股區,五股國中,自由,興珍里(1-32鄰、38-40鄰),24
主表,五股區,五股國中,自由,更寮里,24
主表,五股區,五股國中,自由,興珍里(33-37鄰),24
主表,八里區,八里國中,基本,全區轄區,24
主表,八里區,八里國中,自由,林口區太平里(6-15鄰),24
主表,八里區,八里國中,自由,林口區瑞平里(5-10鄰),24
主表,林口區,林口國中,基本,西林里(15-17、21-25、27、33、36-37鄰),25
主表,林口區,林口國中,基本,仁愛里(13-28鄰),25
主表,林口區,林口國中,基本,湖南里(10-23、31-33、43-48鄰),25
主表,林口區,林口國中,基本,南勢里(30-31鄰),25
主表,林口區,林口國中,基本,東勢里(40-42鄰),25
主表,林口區,林口國中,自由,太平里(6-15鄰),25
主表,林口區,林口國中,自由,湖南里(30鄰),25
主表,林口區,林口國中,自由,西林里(34-35鄰),25
主表,林口區,林口國中,自由,下福里,25
主表,林口區,林口國中,自由,嘉寶里,25
主表,林口區,林口國中,自由,頂福里,25
主表,林口區,崇林國中,基本,麗林里,25
主表,林口區,崇林國中,基本,麗園里,25
主表,林口區,崇林國中,基本,東勢里(1-39鄰),25
主表,林口區,崇林國中,基本,南勢里(22-29鄰),25
主表,林口區,崇林國中,基本,仁愛里(1-12、29-30鄰),25
主表,林口區,崇林國中,自由,下福里,25
主表,林口區,崇林國中,自由,嘉寶里,25
主表,林口區,崇林國中,自由,頂福里,25
主表,林口區,崇林國中,自由,泰山區大科里(7-8鄰),25
主表,林口區,佳林國中,基本,東林里,25
主表,林口區,佳林國中,基本,菁湖里,25
主表,林口區,佳林國中,基本,中湖里,25
主表,林口區,佳林國中,基本,湖北里,25
主表,林口區,佳林國中,基本,林口里,25
主表,林口區,佳林國中,基本,湖南里(1-9、24-29、34-42鄰),25
主表,林口區,佳林國中,基本,瑞平里(1-4鄰),25
主表,林口區,佳林國中,基本,太平里(1-5鄰),25
主表,林口區,佳林國中,基本,西林里(1-14、18-20、26、28-32鄰),25
主表,林口區,佳林國中,自由,瑞平里(5-10鄰),25
主表,林口區,佳林國中,自由,太平里(6-15鄰),25
主表,林口區,佳林國中,自由,湖南里(30鄰),25
主表,林口區,佳林國中,自由,西林里(34-35鄰),25
主表,林口區,佳林國中,自由,下福里,25
主表,林口區,佳林國中,自由,嘉寶里,25
主表,林口區,佳林國中,自由,頂福里,25
主表,林口區,南勢國中,基本,南勢里(1-21、32-40鄰),25
主表,林口區,南勢國中,自由,下福里,25
主表,林口區,南勢國中,自由,嘉寶里,25
主表,林口區,南勢國中,自由,頂福里,25
附件,板橋區,光復高中(國中部),基本,港嘴里,26
附件,板橋區,光復高中(國中部),基本,振義里,26
附件,板橋區,光復高中(國中部),基本,振興里,26
附件,板橋區,光復高中(國中部),基本,光復里,26
附件,板橋區,光復高中(國中部),基本,埔墘里,26
附件,板橋區,光復高中(國中部),基本,富貴里,26
附件,板橋區,光復高中(國中部),基本,長壽里,26
附件,板橋區,光復高中(國中部),基本,居仁里,26
附件,板橋區,光復高中(國中部),基本,福壽里,26
附件,板橋區,光復高中(國中部),自由,如里,26
附件,板橋區,光復高中(國中部),自由,正泰里,26
附件,板橋區,光復高中(國中部),自由,龍翠里,26
附件,板橋區,光復高中(國中部),自由,福翠里,26
附件,板橋區,光復高中(國中部),自由,中和區中原里(5-14、18-20鄰),26
附件,板橋區,光復高中(國中部),自由,雙玉里,26
附件,板橋區,光復高中(國中部),自由,中和區各里,26
附件,板橋區,江翠國中,基本,嵐翠里,26
附件,板橋區,江翠國中,基本,文聖里,26
附件,板橋區,江翠國中,基本,華翠里,26
附件,板橋區,江翠國中,基本,莒光里,26
附件,板橋區,江翠國中,基本,松翠里,26
附件,板橋區,江翠國中,基本,聯翠里,26
附件,板橋區,江翠國中,基本,文化里,26
附件,板橋區,江翠國中,基本,江翠里,26
附件,板橋區,江翠國中,基本,純翠里,26
附件,板橋區,江翠國中,基本,溪頭里,26
附件,板橋區,江翠國中,基本,柏翠里,26
附件,板橋區,江翠國中,基本,青翠里,26
附件,板橋區,江翠國中,基本,懷翠里,26
附件,板橋區,江翠國中,基本,忠翠里,26
附件,板橋區,江翠國中,基本,松柏里,26
附件,板橋區,江翠國中,基本,文翠里,26
附件,板橋區,江翠國中,自由,龍翠里,26
附件,板橋區,江翠國中,自由,福翠里,26
附件,板橋區,江翠國中,自由,華江里,26
附件,板橋區,江翠國中,自由,莊敬里,26
附件,板橋區,江翠國中,自由,埤墘里,26
附件,板橋區,江翠國中,自由,永安里,26
附件,淡水區,正德國中,基本,新市里(1-10、16-23鄰),27
附件,淡水區,正德國中,基本,新崁里(15-21鄰),27
附件,淡水區,正德國中,基本,崁頂里(4-17鄰),27
附件,淡水區,正德國中,基本,埤島里,27
附件,淡水區,正德國中,基本,忠寮里,27
附件,淡水區,正德國中,基本,北投里,27
附件,淡水區,正德國中,基本,水源里,27
附件,淡水區,正德國中,基本,水碓里,27
附件,淡水區,正德國中,基本,正德里,27
附件,淡水區,正德國中,基本,北新里,27
附件,淡水區,正德國中,基本,忠山里,27
附件,淡水區,正德國中,基本,中和里,27
附件,淡水區,正德國中,基本,義山里,27
附件,淡水區,正德國中,基本,蕃薯里,27
附件,淡水區,正德國中,基本,賢孝里,27
附件,淡水區,正德國中,基本,屯山里,27
附件,淡水區,正德國中,基本,興仁里,27
附件,淡水區,正德國中,基本,新義里(9-14鄰),27
附件,淡水區,正德國中,基本,新興里(1-3鄰、5鄰新興街84-90號15樓雙號除外、8鄰),27
附件,淡水區,正德國中,基本,新春里(6-10、14-15鄰),27
附件,淡水區,正德國中,基本,學府里(16-18鄰),27
附件,淡水區,正德國中,基本,中興里(6-7鄰),27
附件,淡水區,正德國中,自由,興華里,27
附件,淡水區,正德國中,自由,店子里,27
附件,淡水區,正德國中(賢孝校區),基本,新市里(1-10、16-23鄰),"27,28"
附件,淡水區,正德國中(賢孝校區),基本,新崁里(15-21鄰),"27,28"
附件,淡水區,正德國中(賢孝校區),基本,崁頂里(4-17鄰),"27,28"
附件,淡水區,正德國中(賢孝校區),基本,埤島里,"27,28"
附件,淡水區,正德國中(賢孝校區),基本,忠寮里,"27,28"
附件,淡水區,正德國中(賢孝校區),基本,北投里,"27,28"
附件,淡水區,正德國中(賢孝校區),基本,水源里,"27,28"
附件,淡水區,正德國中(賢孝校區),基本,水碓里,"27,28"
附件,淡水區,正德國中(賢孝校區),基本,正德里,"27,28"
附件,淡水區,正德國中(賢孝校區),基本,北新里,"27,28"
附件,淡水區,正德國中(賢孝校區),基本,忠山里,"27,28"
附件,淡水區,正德國中(賢孝校區),基本,中和里,"27,28"
附件,淡水區,正德國中(賢孝校區),基本,義山里,"27,28"
附件,淡水區,正德國中(賢孝校區),基本,蕃薯里,"27,28"
附件,淡水區,正德國中(賢孝校區),基本,賢孝里,"27,28"
附件,淡水區,正德國中(賢孝校區),基本,屯山里,"27,28"
附件,淡水區,正德國中(賢孝校區),基本,興仁里,"27,28"
附件,淡水區,正德國中(賢孝校區),基本,新義里(9-14鄰),"27,28"
附件,淡水區,正德國中(賢孝校區),基本,新興里(1-3鄰、5鄰新興街84-90號15樓雙號除外、8鄰),"27,28"
附件,淡水區,正德國中(賢孝校區),基本,新春里(6-10、14-15鄰),"27,28"
附件,淡水區,正德國中(賢孝校區),基本,學府里(16-18鄰),"27,28"
附件,淡水區,正德國中(賢孝校區),基本,中興里(6-7鄰),"27,28"
附件,淡水區,正德國中(賢孝校區),自由,興華里,"27,28"
附件,淡水區,正德國中(賢孝校區),自由,店子里,"27,28"
附件,淡水區,淡水國中,基本,新市里(11-15鄰),28
附件,淡水區,淡水國中,基本,新崁里(1-14鄰),28
附件,淡水區,淡水國中,基本,崁頂里(1-3鄰),28
附件,淡水區,淡水國中,基本,樹興里,28
附件,淡水區,淡水國中,基本,油車里,28
附件,淡水區,淡水國中,基本,沙崙里,28
附件,淡水區,淡水國中,基本,大庄里,28
附件,淡水區,淡水國中,基本,永吉里,28
附件,淡水區,淡水國中,基本,協元里,28
附件,淡水區,淡水國中,基本,新生里,28
附件,淡水區,淡水國中,基本,民安里,28
附件,淡水區,淡水國中,基本,文化里,28
附件,淡水區,淡水國中,基本,新民里,28
附件,淡水區,淡水國中,基本,長庚里,28
附件,淡水區,淡水國中,基本,清文里,28
附件,淡水區,淡水國中,基本,草東里,28
附件,淡水區,淡水國中,基本,學府里(除16-18鄰),28
附件,淡水區,淡水國中,基本,新義里(1-8鄰),28
附件,淡水區,淡水國中,基本,新興里(4鄰、5鄰新興街84-90號15樓雙號、6-7、9鄰),28
附件,淡水區,淡水國中,基本,新春里(1-5、11-13鄰),28
附件,淡水區,淡水國中,基本,中興里(除6-7鄰),28
附件,淡水區,淡水國中,自由,竿蓁里,28
附件,淡水區,淡水國中,自由,鄧公里,28
附件,淡水區,淡水國中,自由,幸福里,28
附件,淡水區,淡水國中,自由,坪頂里,28
附件,林口區,林口國中,基本,西林里(15-17、21-25、27、33、36-37鄰),29
附件,林口區,林口國中,基本,仁愛里(13-28鄰),29
附件,林口區,林口國中,基本,文湖里(1-12、19-27鄰),29
附件,林口區,林口國中,基本,頭湖里(1-10鄰),29
附件,林口區,林口國中,基本,力行里(1-3鄰),29
附件,林口區,林口國中,基本,東勢里(40-42鄰),29
附件,林口區,林口國中,自由,太平里(6-15鄰),29
附件,林口區,林口國中,自由,頭湖里(11鄰),29
附件,林口區,林口國中,自由,西林里(34-35鄰),29
附件,林口區,林口國中,自由,下福里,29
附件,林口區,林口國中,自由,嘉寶里,29
附件,林口區,林口國中,自由,頂福里,29
附件,林口區,崇林國中,基本,麗林里,29
附件,林口區,崇林國中,基本,麗園里,29
附件,林口區,崇林國中,基本,東勢里(1-39鄰),29
附件,林口區,崇林國中,基本,力行里(4-8鄰),29
附件,林口區,崇林國中,基本,新林里(17-23鄰),29
附件,林口區,崇林國中,基本,仁愛里(1-12、29-30鄰),29
附件,林口區,崇林國中,自由,下福里,29
附件,林口區,崇林國中,自由,嘉寶里,29
附件,林口區,崇林國中,自由,頂福里,29
附件,林口區,崇林國中,自由,泰山區大科里(7-8鄰),29
附件,林口區,佳林國中,基本,東林里,29
附件,林口區,佳林國中,基本,菁湖里,29
附件,林口區,佳林國中,基本,中湖里,29
附件,林口區,佳林國中,基本,湖北里,29
附件,林口區,佳林國中,基本,林口里,29
附件,林口區,佳林國中,基本,湖南里,29
附件,林口區,佳林國中,基本,頭湖里(12-13鄰),29
附件,林口區,佳林國中,基本,文湖里(13-18、28-30鄰),29
附件,林口區,佳林國中,基本,瑞平里(1-4鄰),29
附件,林口區,佳林國中,基本,太平里(1-5鄰),29
附件,林口區,佳林國中,基本,西林里(1-14、18-20、26、28-32鄰),29
附件,林口區,佳林國中,自由,瑞平里(5-10鄰),29
附件,林口區,佳林國中,自由,太平里(6-15鄰),29
附件,林口區,佳林國中,自由,頭湖里(11鄰),29
附件,林口區,佳林國中,自由,西林里(34-35鄰),29
附件,林口區,佳林國中,自由,下福里,29
附件,林口區,佳林國中,自由,嘉寶里,29
附件,林口區,佳林國中,自由,頂福里,29
附件,林口區,南勢國中,基本,南勢里,29
附件,林口區,南勢國中,基本,新林里(1-16鄰),29
附件,林口區,南勢國中,基本,力行里(9-25鄰),29
附件,林口區,南勢國中,自由,下福里,29
附件,林口區,南勢國中,自由,嘉寶里,29
附件,林口區,南勢國中,自由,頂福里,29
