行政區,學校,類型,里／鄰,來源頁
板橋區,板橋國小,基本,留侯里,2
板橋區,板橋國小,基本,流芳里,2
板橋區,板橋國小,基本,赤松里,2
板橋區,板橋國小,基本,黃石里,2
板橋區,板橋國小,基本,挹秀里,2
板橋區,板橋國小,基本,自強里,2
板橋區,板橋國小,基本,光華里,2
板橋區,板橋國小,基本,新興里,2
板橋區,板橋國小,基本,民權里,2
板橋區,板橋國小,基本,民安里,2
板橋區,板橋國小,基本,建國里,2
板橋區,板橋國小,自由,湳興里,2
板橋區,板橋國小,自由,漢生里,2
板橋區,板橋國小,自由,光榮里,2
板橋區,板橋國小,自由,社後里1–3鄰,2
板橋區,後埔國小,基本,廣德里,2
板橋區,後埔國小,基本,福德里1–7、26–28鄰,2
板橋區,後埔國小,基本,仁愛里,2
板橋區,後埔國小,基本,福星里,2
板橋區,後埔國小,基本,大豐里,2
板橋區,後埔國小,基本,華興里,2
板橋區,後埔國小,基本,鄉雲里,2
板橋區,後埔國小,基本,華貴里,2
板橋區,後埔國小,基本,華福里,2
板橋區,後埔國小,基本,華東里1–6、19–21鄰,2
板橋區,後埔國小,基本,景星里,2
板橋區,後埔國小,自由,重慶里5–13、17–19、21–25、30–31、33–35鄰,2
板橋區,後埔國小,自由,後埔里1–13鄰,2
板橋區,後埔國小,自由,湳興里,2
板橋區,新埔國小,基本,忠誠里,2
板橋區,新埔國小,基本,陽明里,2
板橋區,新埔國小,基本,宏翠里1鄰除外,2
板橋區,新埔國小,基本,仁翠里,2
板橋區,新埔國小,基本,新埔里,2
板橋區,新埔國小,基本,新翠里,2
板橋區,新埔國小,基本,朝陽里,2
板橋區,新埔國小,基本,吉翠里,2
板橋區,新埔國小,基本,滿翠里,2
板橋區,新埔國小,基本,明翠里,2
板橋區,新埔國小,基本,介壽里,2
板橋區,新埔國小,基本,百壽里,2
板橋區,新埔國小,基本,新民里2–9、26鄰,2
板橋區,新埔國小,基本,文化里1–6鄰,2
板橋區,新埔國小,自由,文化里7–17鄰,2
板橋區,新埔國小,自由,聯翠里,2
板橋區,新埔國小,自由,宏翠里1鄰,2
板橋區,新埔國小,自由,文德里12鄰,2
板橋區,埔墘國小,基本,埔墘里18–23鄰,3
板橋區,埔墘國小,基本,雙玉里,3
板橋區,埔墘國小,基本,振興里,3
板橋區,埔墘國小,基本,振義里,3
板橋區,埔墘國小,基本,廣新里,3
板橋區,埔墘國小,基本,玉光里,3
板橋區,埔墘國小,基本,光仁里,3
板橋區,埔墘國小,基本,西安里,3
板橋區,埔墘國小,基本,東丘里,3
板橋區,埔墘國小,基本,民生里,3
板橋區,埔墘國小,基本,九如里12、13鄰除外,3
板橋區,埔墘國小,基本,正泰里,3
板橋區,埔墘國小,基本,港嘴里8–17、21、25鄰,3
板橋區,埔墘國小,自由,莊敬里,3
板橋區,埔墘國小,自由,埤墘里,3
板橋區,海山國小,基本,民族里,3
板橋區,海山國小,基本,深丘里,3
板橋區,海山國小,基本,香丘里,3
板橋區,海山國小,基本,海山里,3
板橋區,海山國小,基本,長安里,3
板橋區,海山國小,基本,東安里,3
板橋區,海山國小,基本,福丘里8–19鄰,3
板橋區,海山國小,基本,九如里12、13鄰,3
板橋區,海山國小,基本,新民里1、10–25鄰,3
板橋區,海山國小,基本,中和區瑞穗里1–6鄰,3
板橋區,海山國小,基本,員山里11–22、25–35、37–42鄰,3
板橋區,江翠國小,基本,江翠里,4
板橋區,江翠國小,基本,純翠里,4
板橋區,江翠國小,基本,柏翠里,4
板橋區,江翠國小,基本,文翠里,4
板橋區,江翠國小,基本,溪頭里,4
板橋區,江翠國小,基本,松翠里1–8、14–16鄰,4
板橋區,江翠國小,自由,青翠里,4
板橋區,江翠國小,自由,松翠里9–13、17、18鄰,4
板橋區,江翠國小,自由,聯翠里,4
板橋區,莒光國小,基本,永安里,4
板橋區,莒光國小,基本,華翠里,4
板橋區,莒光國小,基本,莒光里,4
板橋區,莒光國小,基本,忠翠里,4
板橋區,莒光國小,基本,華江里,4
板橋區,莒光國小,自由,文化里7–17鄰,4
板橋區,莒光國小,自由,莊敬里,4
板橋區,莒光國小,自由,港嘴里1–3、18、22–24鄰,4
板橋區,莒光國小,自由,埤墘里,4
板橋區,莒光國小,自由,聯翠里,4
板橋區,國光國小,基本,香社里,4
板橋區,國光國小,基本,香雅里,4
板橋區,國光國小,基本,社後里4–28鄰,4
板橋區,國光國小,基本,中正里,4
板橋區,國光國小,基本,港德里1–19、21–23鄰,4
板橋區,國光國小,基本,國光里1–16鄰,4
板橋區,國光國小,基本,自立里,4
板橋區,國光國小,自由,光榮里,4
板橋區,國光國小,自由,社後里1–3鄰,4
板橋區,國光國小,自由,港尾里,4
板橋區,中山國小,基本,大安里,5
板橋區,中山國小,基本,福安里,5
板橋區,中山國小,基本,聚安里,5
板橋區,中山國小,基本,龍安里,5
板橋區,中山國小,基本,中山里,5
板橋區,中山國小,基本,復興里,5
板橋區,沙崙國小,基本,溪北里,5
板橋區,沙崙國小,基本,崑崙里,5
板橋區,沙崙國小,基本,成和里,5
板橋區,文聖國小,基本,嵐翠里,6
板橋區,文聖國小,基本,文聖里,6
板橋區,文聖國小,基本,福翠里,6
板橋區,文聖國小,基本,懷翠里,6
板橋區,文聖國小,基本,龍翠里,6
板橋區,文聖國小,基本,松柏里,6
板橋區,文聖國小,基本,港嘴里4–7、19、20鄰,6
板橋區,文聖國小,自由,青翠里,6
板橋區,文聖國小,自由,松翠里9–13、17、18鄰,6
板橋區,文聖國小,自由,港嘴里1–3、18、22–24鄰,6
板橋區,文德國小,基本,德翠里,6
板橋區,文德國小,基本,新海里,6
板橋區,文德國小,基本,公?里,6
板橋區,文德國小,基本,幸福里,6
板橋區,文德國小,基本,文德里12鄰除外,6
板橋區,文德國小,基本,新生里,6
板橋區,文德國小,基本,金華里,6
板橋區,文德國小,基本,國光里17–20鄰,6
板橋區,文德國小,基本,港德里20、24–29鄰,6
板橋區,文德國小,自由,漢生里,6
板橋區,文德國小,自由,港尾里,6
板橋區,文德國小,自由,宏翠里1鄰,6
板橋區,文德國小,自由,文德里12鄰,6
板橋區,實踐國小,基本,福祿里,7
板橋區,實踐國小,基本,福德里8–25鄰,7
板橋區,實踐國小,基本,國泰里,7
板橋區,實踐國小,基本,後埔里14–17鄰,7
板橋區,實踐國小,基本,福丘里1–7鄰,7
板橋區,實踐國小,基本,中和區民生里,7
板橋區,實踐國小,基本,國光里1–12、23–39鄰,7
板橋區,實踐國小,基本,德穗里1–7、26–29鄰,7
板橋區,實踐國小,自由,後埔里1–13鄰二,7
板橋區,實踐國小,自由,中和區國光里13–22鄰,7
板橋區,大觀國小,基本,華中里,8
板橋區,大觀國小,基本,僑中里,8
板橋區,大觀國小,基本,大觀里,8
板橋區,大觀國小,基本,歡園里,8
板橋區,大觀國小,基本,浮洲里,8
板橋區,大觀國小,自由,湳興里,8
板橋區,溪洲國小,基本,溪洲里,8
板橋區,溪洲國小,基本,溪福里,8
板橋區,溪洲國小,基本,堂春里,8
板橋區,信義國小,基本,華德里,9
板橋區,信義國小,基本,信義里,9
板橋區,信義國小,基本,華東里除1–6、19–21鄰,9
板橋區,信義國小,基本,土城區瑞興里,9
板橋區,信義國小,基本,復興里,9
板橋區,信義國小,自由,土城區貨饒里,9
板橋區,信義國小,自由,土城區廣興里6–18鄰,9
板橋區,重慶國小,基本,和平里,9
板橋區,重慶國小,基本,廣福里,9
板橋區,重慶國小,基本,五權里,9
板橋區,重慶國小,基本,重慶里1–4、14–16、20、26–29、32、36–38鄰,9
板橋區,重慶國小,自由,重慶里5–13、17–19、21–25、30–31、33–35鄰,9
板橋區,重慶國小,自由,中和區壽德里,9
板橋區,重慶國小,自由,明德里,9
板橋區,中和區光復國小,基本,福壽里,10
板橋區,中和區光復國小,基本,居仁里,10
板橋區,中和區光復國小,基本,富貴里,10
板橋區,中和區光復國小,基本,長壽里,10
板橋區,中和區光復國小,基本,光復里,10
板橋區,中和區光復國小,基本,埔墘里1–17鄰,10
土城區,土城國小,基本,土城里,11
土城區,土城國小,基本,埤塘里,11
土城區,土城國小,基本,員仁里,11
土城區,土城國小,基本,員信里,11
土城區,土城國小,基本,員林里,11
土城區,土城國小,基本,員福里,11
土城區,土城國小,基本,大安里,11
土城區,土城國小,基本,長風里,11
土城區,土城國小,自由,柑林里1–15、17–18鄰,11
土城區,土城國小,自由,永寧里,11
土城區,清水國小,基本,清水里,11
土城區,清水國小,基本,永豐里,11
土城區,清水國小,基本,永富里,11
土城區,清水國小,基本,清和里,11
土城區,清水國小,基本,青雲里1–10、17–18鄰,11
土城區,清水國小,基本,清化里,11
土城區,清水國小,基本,廷寮里,11
土城區,清水國小,基本,清溪里8–10、15–43、45–47、50–53鄰,11
土城區,清水國小,基本,青山里,11
土城區,清水國小,自由,柑林里1–15、17–18鄰,11
土城區,清水國小,自由,金城里,11
土城區,清水國小,自由,峰廷里,11
土城區,清水國小,自由,延吉里,11
土城區,清水國小,自由,清溪里1–7、11–14、44、48–49鄰,11
土城區,安和國小,基本,安和里,11
土城區,安和國小,基本,延和里,11
土城區,安和國小,自由,平和里,11
土城區,安和國小,自由,延壽里,11
土城區,安和國小,自由,延祿里,11
土城區,安和國小,自由,金城里,11
土城區,安和國小,自由,峰廷里,11
土城區,安和國小,自由,延吉里,11
土城區,安和國小,自由,清溪里1–7、11–14、44、48–49鄰,11
土城區,廣福國小,基本,埤林里8、10–19、21–38鄰,12
土城區,廣福國小,基本,廣興里1–5鄰,12
土城區,廣福國小,基本,學府里1–5、10–12、14–22鄰,12
土城區,廣福國小,基本,廣福里,12
土城區,廣福國小,基本,柑林里16、19–21鄰,12
土城區,廣福國小,基本,學士里,12
土城區,廣福國小,基本,中正里,12
土城區,廣福國小,基本,學成里1–14、18鄰,12
土城區,廣福國小,基本,青雲里11–16、19–21鄰,12
土城區,廣福國小,自由,柑林里1–15、17–18鄰,12
土城區,廣福國小,自由,學府里6–9、13鄰,12
土城區,廣福國小,自由,埤林里1–7、9、20鄰,12
土城區,廣福國小,自由,廣興里6–18鄰,12
土城區,頂埔國小,基本,祖田里,12
土城區,頂埔國小,基本,頂新里,12
土城區,頂埔國小,基本,頂福里,12
土城區,頂埔國小,基本,頂埔里,12
土城區,頂埔國小,基本,沛陂里,12
土城區,頂埔國小,自由,永寧里,12
土城區,樂利國小,基本,日新里,12
土城區,樂利國小,基本,日和里,12
土城區,樂利國小,基本,裕生里,12
土城區,樂利國小,基本,樂利里,12
土城區,樂利國小,基本,明德里,12
土城區,樂利國小,基本,學成里15–17鄰,12
土城區,樂利國小,自由,貨饒里,12
土城區,樂利國小,自由,學府里6–9、13鄰,12
土城區,樂利國小,自由,埤林里1–7、9、20鄰,12
土城區,樂利國小,自由,柑林里1–15、17–18鄰,12
土城區,板橋區信義國小,基本,華德里,13
土城區,板橋區信義國小,基本,信義里,13
土城區,板橋區信義國小,基本,華東里除1–6、19–21鄰,13
土城區,板橋區信義國小,基本,土城區瑞興里,13
土城區,板橋區信義國小,基本,復興里,13
土城區,板橋區信義國小,自由,土城區貨饒里,13
土城區,板橋區信義國小,自由,土城區廣興里6–18鄰,13
樹林區,三多國小,基本,三興里,14
樹林區,三多國小,基本,三福里,14
樹林區,三多國小,基本,三龍里16鄰除外,14
樹林區,三多國小,基本,三多里6–10、15、17–21鄰,14
樹林區,三多國小,自由,圳生里2–9鄰,14
樹林區,三多國小,自由,三多里1–5、11–14、16鄰,14
樹林區,三多國小,自由,三龍里16鄰,14
樹林區,武林國小,基本,光興里,14
樹林區,武林國小,基本,金寮里,14
樹林區,武林國小,基本,?寮里,14
樹林區,武林國小,自由,潭底里1–10鄰,14
樹林區,武林國小,自由,圳安里3鄰,14
樹林區,武林國小,自由,圳民里16鄰,14
樹林區,武林國小,自由,圳生里2–9鄰,14
樹林區,武林國小,自由,三多里1–5、11–14、16鄰,14
樹林區,文林國小,基本,文林里,15
樹林區,文林國小,基本,保安里,15
樹林區,文林國小,基本,圳福里,15
樹林區,文林國小,基本,圳安里1–2、4–23鄰,15
樹林區,文林國小,基本,潭底里11–33鄰,15
樹林區,文林國小,基本,圳生里1、10、11鄰,15
樹林區,文林國小,基本,圳民里1–15鄰,15
樹林區,文林國小,基本,樹福里19鄰,15
樹林區,文林國小,基本,新莊區西盛里14–18鄰、25–29鄰,15
樹林區,文林國小,自由,圳安里3鄰,15
樹林區,文林國小,自由,圳民里16鄰,15
樹林區,文林國小,自由,潭底里1–10鄰,15
樹林區,文林國小,自由,圳生里2–9鄰,15
樹林區,文林國小,自由,新莊區西盛里12鄰,15
樹林區,樹林國小,基本,樹北里,15
樹林區,樹林國小,基本,樹西里,15
樹林區,樹林國小,基本,育英里,15
樹林區,樹林國小,基本,樹德里,15
樹林區,樹林國小,基本,樹興里,15
樹林區,樹林國小,基本,樹東里1–10、12鄰,15
樹林區,樹林國小,基本,樹福里1–18、20鄰,15
樹林區,樹林國小,基本,樹人里7–21鄰,15
樹林區,樹林國小,基本,樹南里1–11、24–29鄰,15
樹林區,樹林國小,自由,潭底里1–10鄰,15
樹林區,育林國小,基本,坡內里,15
樹林區,育林國小,基本,東昇里1–8、17–28鄰,15
樹林區,育林國小,基本,樹人里1–6鄰,15
樹林區,育林國小,基本,樹南里12–23鄰,15
樹林區,大同國小,基本,樹東里11、16鄰,15
樹林區,大同國小,基本,太順里,15
樹林區,大同國小,基本,中華里,15
樹林區,大同國小,基本,大同里,15
樹林區,大同國小,基本,和平里1、2、3、18、19、20、28鄰,15
樹林區,大同國小,基本,東陽里,15
樹林區,大同國小,基本,東昇里9–16鄰,15
樹林區,大同國小,基本,東山里1鄰,15
樹林區,大同國小,基本,彭厝里,15
樹林區,大同國小,基本,彭興里1、2鄰,15
樹林區,大同國小,自由,彭福里1–4、17–20鄰,15
樹林區,大同國小,自由,樹東里13鄰,15
樹林區,彭福國小,基本,和平里4–17、21–27鄰,16
樹林區,彭福國小,基本,樹東里14、15鄰,16
樹林區,彭福國小,基本,彭興里3–41鄰,16
樹林區,彭福國小,基本,彭福里5–16、21–33鄰,16
樹林區,彭福國小,自由,彭福里1–4、17–20鄰,16
樹林區,彭福國小,自由,樹東里13鄰,16
樹林區,山佳國小,基本,東山里2–20鄰,16
樹林區,山佳國小,基本,山佳里5–18鄰,16
樹林區,山佳國小,自由,山佳里1–4、19–21鄰,16
樹林區,山佳國小,自由,中山里1、22、23鄰,16
樹林區,育德國小,基本,中山里2–21、24、25鄰,16
樹林區,育德國小,基本,樂山里,16
樹林區,育德國小,自由,山佳里1–4、19–21鄰,16
樹林區,育德國小,自由,中山里1、22、23鄰,16
樹林區,柑園國小,基本,柑園里1–6、9–12鄰,16
樹林區,柑園國小,基本,北園里,16
樹林區,柑園國小,基本,西園里,16
樹林區,柑園國小,基本,東園里,16
樹林區,柑園國小,自由,柑園里7鄰,16
樹林區,柑園國小,自由,南園里1、3、4、7鄰,16
樹林區,桃子腳國中小國小部,基本,南園里2、5、6、8–52鄰,16
樹林區,桃子腳國中小國小部,基本,柑園里8、13–37鄰,16
樹林區,桃子腳國中小國小部,自由,柑園里7鄰,16
樹林區,桃子腳國中小國小部,自由,南園里1、3、4、7鄰,16
鶯歌區,鶯歌國小,基本,永昌里13–19鄰,18
鶯歌區,鶯歌國小,基本,同慶里,18
鶯歌區,鶯歌國小,基本,南靖里9、10、11、16、20鄰除外,18
鶯歌區,鶯歌國小,基本,中鶯里,18
鶯歌區,鶯歌國小,基本,北鶯里1–6、8、12–20鄰,18
鶯歌區,鶯歌國小,基本,建德里,18
鶯歌區,鶯歌國小,基本,東鶯里,18
鶯歌區,鶯歌國小,基本,尖山里1–4、9、11–15鄰,18
鶯歌區,鶯歌國小,自由,北鶯里7、9、10、11鄰,18
鶯歌區,鶯歌國小,自由,南靖里9,18
鶯歌區,鶯歌國小,自由,20鄰,18
鶯歌區,鶯歌國小,自由,三峽文化部落龍恩里30,18
鶯歌區,鶯歌國小,自由,31鄰,18
鶯歌區,鶯歌國小,自由,尖山里5,18
鶯歌區,鶯歌國小,自由,10鄰,18
鶯歌區,鳳鳴國小,基本,鳳鳴里,18
鶯歌區,鳳鳴國小,基本,鳳福里,18
鶯歌區,鳳鳴國小,基本,鳳祥里23–33鄰,18
鶯歌區,鳳鳴國小,自由,大湖里,18
鶯歌區,鳳鳴國小,自由,鳳祥里9–22鄰,18
鶯歌區,鳳鳴國小,自由,桃園市八德區大發里6、19–21鄰,18
鶯歌區,鳳鳴國小,自由,桃園市八德區大明里16–19鄰,18
鶯歌區,二橋國小,基本,二橋里,19
鶯歌區,二橋國小,基本,二甲里,19
鶯歌區,二橋國小,基本,尖山里6、7、8、16鄰,19
鶯歌區,二橋國小,自由,尖山里5,19
鶯歌區,二橋國小,自由,10鄰,19
鶯歌區,中湖國小,基本,東湖里,19
鶯歌區,中湖國小,基本,中湖里4–25鄰,19
鶯歌區,中湖國小,自由,大湖里,19
鶯歌區,中湖國小,自由,中湖里1–3鄰,19
鶯歌區,建國國小,基本,建國里,19
鶯歌區,建國國小,基本,西鶯里,19
鶯歌區,建國國小,基本,南鶯里,19
鶯歌區,建國國小,自由,中湖里1–3鄰,19
鶯歌區,建國國小,自由,北鶯里7、9、10、11鄰,19
鶯歌區,建國國小,自由,三峽文化部落龍恩里30,19
鶯歌區,建國國小,自由,31鄰,19
鶯歌區,永吉國小,基本,永吉里,20
鶯歌區,永吉國小,基本,鳳祥里1–8鄰,20
鶯歌區,永吉國小,自由,鳳祥里9–22鄰,20
鶯歌區,永吉國小,自由,桃園市八德區大發里6鄰福德一路177巷,20
鶯歌區,永吉國小,自由,桃園市八德區大發里7–8鄰,20
鶯歌區,昌福國小,基本,永昌里1–12、20–22鄰,20
鶯歌區,昌福國小,基本,中湖里26–27鄰,20
鶯歌區,昌福國小,自由,)中湖里1–3鄰,20
三峽區,龍埔國小,基本,龍學里,21
三峽區,龍埔國小,基本,龍恩里1、11–14鄰,21
三峽區,龍埔國小,基本,龍埔里1–8鄰,21
三峽區,龍埔國小,自由,三峽文化部落龍恩里30,21
三峽區,龍埔國小,自由,31鄰,21
三峽區,北大國小,基本,龍埔里9–36鄰,21
三峽區,北大國小,基本,龍恩里2–10、15–29鄰,21
三峽區,北大國小,基本,永?里1、22–25鄰,21
三峽區,北大國小,自由,三峽文化部落龍恩里30,21
三峽區,北大國小,自由,31鄰,21
三峽區,三峽國小,基本,永?里2–21鄰,21
三峽區,三峽國小,基本,秀川里,21
三峽區,三峽國小,基本,鳶山里,21
三峽區,三峽國小,基本,三峽里,21
三峽區,三峽國小,自由,三峽文化部落龍恩里30,21
三峽區,三峽國小,自由,31鄰,21
三峽區,三峽國小,自由,鶯歌區南靖里9、10、11、16、20鄰,21
三峽區,中園國小,基本,中埔里,21
三峽區,中園國小,基本,弘道里,21
三峽區,中園國小,基本,八張里,21
三峽區,中園國小,基本,大埔里1–5鄰,21
三峽區,大埔國小,基本,大埔里6–22鄰,21
三峽區,大埔國小,基本,金圳里1–6鄰,21
三峽區,大埔國小,基本,二鬮里,21
三峽區,成福國小,基本,溪東里,22
三峽區,成福國小,基本,成福里1–8、12–15鄰,22
三峽區,成福國小,自由,溪南里,22
三峽區,成福國小,自由,溪北里,22
三峽區,大成國小,基本,竹崙里,22
三峽區,大成國小,基本,成福里9–11、16鄰,22
三峽區,民義國小,基本,嘉添里,22
三峽區,民義國小,基本,添福里,22
三峽區,民義國小,自由,中正里正義街,22
三峽區,建安國小,基本,安坑里,22
三峽區,插角森林實小,基本,插角里,22
三峽區,插角森林實小,基本,金圳里7–12鄰,22
三峽區,有木國小,基本,有木里,22
三峽區,五寮國小,基本,五寮里,22
三峽區,安溪國小,基本,礁溪里17–37鄰,22
三峽區,安溪國小,基本,安溪里,22
三峽區,介壽國小,基本,礁溪里1–16鄰,22
三峽區,介壽國小,基本,介壽里,22
三峽區,介壽國小,基本,中正里,22
三峽區,介壽國小,自由,溪南里,22
三峽區,介壽國小,自由,溪北里中正里正義街,22
中和區,中和國小,基本,廟美里,23
中和區,中和國小,基本,福善里,23
中和區,中和國小,基本,福真里,23
中和區,中和國小,基本,福和里,23
中和區,中和國小,基本,連和里,23
中和區,中和國小,基本,連城里,23
中和區,中和國小,基本,枋寮里,23
中和區,中和國小,基本,漳和里,23
中和區,中和國小,基本,泰安里,23
中和區,中和國小,基本,景安里,23
中和區,中和國小,基本,景文里,23
中和區,中和國小,基本,正行里,23
中和區,中和國小,基本,南山里1–7、10–38鄰,23
中和區,中和國小,基本,力行里1–10、16–18、32、34–38鄰,23
中和區,中和國小,基本,新南里1–25、28–48鄰,23
中和區,中和國小,基本,和興里4–14、19、21–24、27、28、30、42鄰,23
中和區,中和國小,基本,瓦?里16、21、22、27鄰,23
中和區,中和國小,基本,佳和里1–6、30–40鄰,23
中和區,中和國小,自由,中原里1–6、15–17、21–24鄰,23
中和區,中和國小,自由,景平里1–8、28–33鄰,23
中和區,中和國小,自由,中原里9、11、12、18–20鄰,23
中和區,中和國小,自由,福祥里,23
中和區,中和國小,自由,福美里,23
中和區,中和國小,自由,佳和里7–29鄰,23
中和區,中和國小,自由,瓦?里1–15、17–20、23–26、28、29鄰,23
中和區,中和國小,自由,碧河里19、22鄰,23
中和區,中和國小,自由,永和區雙和里,23
中和區,中和國小,自由,平河里1–3鄰,23
中和區,興南國小,基本,華新里,24
中和區,興南國小,基本,頂南里,24
中和區,興南國小,基本,正南里,24
中和區,興南國小,基本,東南里,24
中和區,興南國小,基本,華南里,24
中和區,興南國小,基本,內南里,24
中和區,興南國小,基本,壽南里,24
中和區,興南國小,基本,福南里,24
中和區,興南國小,基本,橫路里,24
中和區,興南國小,基本,景新里,24
中和區,興南國小,基本,忠孝里,24
中和區,興南國小,基本,景福里35–37、43–44鄰,24
中和區,積穗國小,基本,嘉慶里,24
中和區,積穗國小,基本,嘉穗里,24
中和區,積穗國小,基本,嘉新里,24
中和區,積穗國小,基本,民安里,24
中和區,積穗國小,基本,安穗里,24
中和區,積穗國小,基本,信和里,24
中和區,積穗國小,基本,文元里,24
中和區,積穗國小,基本,積穗里1–9、12–31、34–45鄰,24
中和區,積穗國小,基本,平河里4–67鄰,24
中和區,積穗國小,基本,員山里1–10、23、24、36鄰,24
中和區,積穗國小,自由,灰?里7鄰,24
中和區,積穗國小,自由,中原里9、11、12、18–20鄰,24
中和區,積穗國小,自由,中原里7、8、10、13、14鄰,24
中和區,積穗國小,自由,員富里,24
中和區,積穗國小,自由,平河里1–3鄰,24
中和區,復興國小,基本,復興里,25
中和區,復興國小,基本,外南里,25
中和區,復興國小,基本,中興里,25
中和區,復興國小,基本,吉興里,25
中和區,復興國小,基本,和興里1–3、15–18、20、25、26、29、31–41鄰,25
中和區,復興國小,基本,南山里8、9鄰,25
中和區,復興國小,基本,景福里1–34、38–42鄰,25
中和區,復興國小,基本,新南里26、27鄰,25
中和區,復興國小,基本,德行里1–21、38–41鄰,25
中和區,復興國小,自由,德行里22–37、42鄰,25
中和區,復興國小,自由,景平里1–8、28–33鄰,25
中和區,秀山國小,基本,秀山里,25
中和區,秀山國小,基本,秀成里,25
中和區,秀山國小,基本,秀義里,25
中和區,秀山國小,基本,秀福里,25
中和區,秀山國小,基本,秀景里,25
中和區,秀山國小,基本,秀水里,25
中和區,秀山國小,基本,秀仁里,25
中和區,秀山國小,基本,秀明里,25
中和區,秀山國小,自由,景平里9、10、42、43鄰,25
中和區,秀山國小,自由,永和區智光里,25
中和區,秀山國小,自由,民治里,25
中和區,秀山國小,自由,民權里,25
中和區,自強國小,基本,清穗里,25
中和區,自強國小,基本,民享里,25
中和區,自強國小,基本,民有里,25
中和區,自強國小,基本,明穗里,25
中和區,自強國小,基本,自強里,25
中和區,自強國小,基本,冠穗里,25
中和區,自強國小,基本,國華里,25
中和區,自強國小,基本,積穗里10、11、32、33鄰,25
中和區,自強國小,基本,瑞穗里7–18鄰,25
中和區,自強國小,基本,德穗里8–25、30–32鄰,25
中和區,自強國小,自由,壽德里,25
中和區,自強國小,自由,明德里,25
中和區,自強國小,自由,國光里13–22鄰,25
中和區,自強國小,自由,土城區平和里,25
中和區,自強國小,自由,延壽里,25
中和區,自強國小,自由,延祿里,25
中和區,景新國小,基本,景本里,26
中和區,景新國小,基本,景南里,26
中和區,景新國小,基本,秀峰里,26
中和區,景新國小,基本,秀士里,26
中和區,景新國小,基本,崇南里,26
中和區,景新國小,基本,興南里,26
中和區,景新國小,基本,景平里11–27、34–41鄰,26
中和區,景新國小,自由,景平里9、10、42、43鄰,26
中和區,景新國小,自由,景平里1–8、28–33鄰,26
中和區,錦和國小,基本,錦和里,26
中和區,錦和國小,基本,錦中里,26
中和區,錦和國小,基本,錦昌里,26
中和區,錦和國小,基本,錦盛里,26
中和區,錦和國小,基本,中正里,26
中和區,錦和國小,基本,中山里,26
中和區,錦和國小,基本,仁和里,26
中和區,錦和國小,基本,建和里,26
中和區,錦和國小,基本,力行里11–15、19–31、33鄰,26
中和區,錦和國小,基本,碧河里1–18、20、21、23–27鄰,26
中和區,錦和國小,基本,灰?里1–6鄰,26
中和區,錦和國小,自由,灰?里7鄰,26
中和區,錦和國小,自由,德行里22–37、42鄰,26
中和區,錦和國小,自由,碧河里19、22鄰,26
中和區,光復國小,基本,板橋區福壽里,26
中和區,光復國小,基本,居仁里,26
中和區,光復國小,基本,富貴里,26
中和區,光復國小,基本,長壽里,26
中和區,光復國小,基本,光復里,26
中和區,光復國小,基本,埔墘里1–17鄰,26
中和區,光復國小,自由,中原里9、11、12、18–20鄰,26
中和區,光復國小,自由,中原里7、8、10、13、14鄰,26
中和區,光復國小,自由,員富里,26
中和區,光復國小,自由,中原里1–6、15–17、21–24鄰,26
中和區,永和區永平國小,基本,永和區前溪里,27
中和區,永和區永平國小,基本,保平里,27
中和區,永和區永平國小,基本,保安里,27
中和區,永和區永平國小,基本,協和里,27
中和區,永和區永平國小,基本,和平里,27
中和區,永和區永平國小,基本,保順里,27
中和區,永和區永平國小,自由,福祥里,27
中和區,永和區永平國小,自由,福美里,27
中和區,永和區永平國小,自由,佳和里7–29鄰,27
中和區,永和區永平國小,自由,瓦?里1–15、17–20、23–26、28–29鄰,27
中和區,永和區永平國小,自由,永和區雙和里,27
中和區,永和區永平國小,自由,永和區安和里,27
中和區,永和區永平國小,自由,水源里1、7–21鄰,27
中和區,永和區永平國小,自由,永和區中溪里13鄰,27
中和區,永和區永平國小,自由,新生里15–18鄰,27
中和區,永和區永平國小,自由,中溪里1–12、14–15、19–20鄰,27
中和區,永和區永平國小,自由,下溪里9、12–15鄰,27
中和區,永和區永平國小,自由,大同里10–18鄰,27
中和區,永和區永和國小,基本,安平里,28
中和區,永和區永和國小,基本,中安里,28
中和區,永和區永和國小,基本,安和里,28
中和區,永和區永和國小,基本,安順里,28
中和區,永和區永和國小,基本,安樂里,28
中和區,永和區永和國小,基本,宜安里二,28
中和區,永和區永和國小,基本,永和區永安里,28
中和區,永和區永和國小,基本,永樂里,28
中和區,永和區永和國小,基本,潭墘里,28
中和區,永和區永和國小,基本,潭安里,28
中和區,永和區永和國小,基本,店街里,28
中和區,永和區永和國小,基本,大新里,28
中和區,永和區永和國小,基本,福和里,28
中和區,永和區永和國小,基本,得和里,28
中和區,永和區永和國小,基本,水源里2–6鄰,28
中和區,永和區永和國小,基本,永貞里9–13鄰,28
中和區,永和區永和國小,自由,永和區雙和里,28
中和區,永和區永和國小,自由,永和區安和里,28
中和區,永和區永和國小,自由,水源里1、7–21鄰,28
中和區,板橋區海山國小,基本,瑞穗里1–6鄰,29
中和區,板橋區海山國小,基本,員山里11–22、25–35、37–42鄰,29
中和區,板橋區海山國小,基本,板橋區民族里,29
中和區,板橋區海山國小,基本,深丘里,29
中和區,板橋區海山國小,基本,香丘里,29
中和區,板橋區海山國小,基本,海山里,29
中和區,板橋區海山國小,基本,長安里,29
中和區,板橋區海山國小,基本,東安里,29
中和區,板橋區海山國小,基本,福丘里8–19鄰,29
中和區,板橋區海山國小,基本,九如里12、13鄰,29
中和區,板橋區海山國小,基本,新民里1、10–25鄰,29
中和區,板橋區實踐國小,基本,民生里,29
中和區,板橋區實踐國小,基本,國光里1–12、23–39鄰,29
中和區,板橋區實踐國小,基本,德穗里1–7、26–29鄰,29
中和區,板橋區實踐國小,基本,板橋區福祿里,29
中和區,板橋區實踐國小,基本,福德里8–25鄰,29
中和區,板橋區實踐國小,基本,國泰里,29
中和區,板橋區實踐國小,基本,後埔里14–17鄰,29
中和區,板橋區實踐國小,基本,福丘里1–7鄰,29
中和區,板橋區實踐國小,自由,國光里13–22鄰,29
中和區,板橋區實踐國小,自由,板橋區後埔里1–13鄰,29
永和區,網溪國小,基本,網溪里,30
永和區,網溪國小,基本,光復里,30
永和區,網溪國小,基本,復興里,30
永和區,網溪國小,基本,正興里,30
永和區,網溪國小,基本,中興里,30
永和區,網溪國小,基本,永興里,30
永和區,網溪國小,基本,永福里,30
永和區,網溪國小,基本,上林里,30
永和區,網溪國小,基本,福林里,30
永和區,網溪國小,基本,竹林里,30
永和區,網溪國小,基本,桂林里,30
永和區,網溪國小,基本,勵行里,30
永和區,網溪國小,基本,豫溪里,30
永和區,網溪國小,基本,光明里,30
永和區,網溪國小,基本,永貞里1–8、14–20鄰,30
永和區,網溪國小,自由,河濱里,30
永和區,頂溪國小,基本,忠義里,30
永和區,頂溪國小,基本,永成里,30
永和區,頂溪國小,基本,仁愛里,30
永和區,頂溪國小,基本,頂溪里,30
永和區,頂溪國小,基本,後溪里,30
永和區,頂溪國小,基本,上溪里,30
永和區,頂溪國小,基本,信義里,30
永和區,頂溪國小,基本,文化里,30
永和區,頂溪國小,基本,新?里,30
永和區,頂溪國小,基本,河堤里,30
永和區,頂溪國小,基本,新生里1–14鄰,30
永和區,頂溪國小,基本,中溪里16–18鄰,30
永和區,頂溪國小,基本,下溪里1–8、10–11鄰,30
永和區,頂溪國小,基本,大同里1–9鄰,30
永和區,頂溪國小,自由,中溪里13鄰,30
永和區,頂溪國小,自由,新生里15–18鄰,30
永和區,頂溪國小,自由,中溪里1–12、14–15、19–20鄰,30
永和區,頂溪國小,自由,下溪里9、12–15鄰,30
永和區,頂溪國小,自由,大同里10–18鄰,30
永和區,秀朗國小,基本,秀朗里,30
永和區,秀朗國小,基本,秀和里,30
永和區,秀朗國小,基本,秀得里,30
永和區,秀朗國小,基本,秀林里,30
永和區,秀朗國小,基本,秀成里,30
永和區,秀朗國小,基本,秀元里,30
永和區,秀朗國小,基本,民族里,30
永和區,秀朗國小,基本,民生里,30
永和區,秀朗國小,基本,民本里,30
永和區,秀朗國小,基本,民樂里,30
永和區,秀朗國小,基本,民富里,30
永和區,秀朗國小,基本,永元里,30
永和區,秀朗國小,自由,智光里,30
永和區,秀朗國小,自由,民治里,30
永和區,秀朗國小,自由,民權里,30
永和區,秀朗國小,自由,河濱里,30
永和區,永平國小,基本,前溪里,31
永和區,永平國小,基本,保平里,31
永和區,永平國小,基本,保安里,31
永和區,永平國小,基本,協和里,31
永和區,永平國小,基本,和平里,31
永和區,永平國小,基本,保順里,31
永和區,永平國小,自由,雙和里,31
永和區,永平國小,自由,安和里,31
永和區,永平國小,自由,水源里1、7–21鄰,31
永和區,永平國小,自由,中溪里13鄰,31
永和區,永平國小,自由,中和區福祥里,31
永和區,永平國小,自由,福美里,31
永和區,永平國小,自由,佳和里7–29鄰,31
永和區,永平國小,自由,瓦?里1–15、17–20、23–26、28–29鄰,31
永和區,永平國小,自由,新生里15–18鄰,31
永和區,永平國小,自由,中溪里1–12、14–15、19–20鄰,31
永和區,永平國小,自由,下溪里9、12–15鄰,31
永和區,永平國小,自由,大同里10–18鄰,31
永和區,永和國小,基本,安平里,32
永和區,永和國小,基本,中安里,32
永和區,永和國小,基本,安和里,32
永和區,永和國小,基本,安順里,32
永和區,永和國小,基本,安樂里,32
永和區,永和國小,基本,宜安里二,32
永和區,永和國小,基本,永和區永安里,32
永和區,永和國小,基本,永樂里,32
永和區,永和國小,基本,潭墘里,32
永和區,永和國小,基本,潭安里,32
永和區,永和國小,基本,店街里,32
永和區,永和國小,基本,大新里,32
永和區,永和國小,基本,福和里,32
永和區,永和國小,基本,得和里,32
永和區,永和國小,基本,水源里2–6鄰,32
永和區,永和國小,基本,永貞里9–13鄰,32
永和區,永和國小,自由,永和區雙和里,32
永和區,永和國小,自由,永和區安和里,32
永和區,永和國小,自由,水源里1、7–21鄰,32
汐止區,汐止國小,基本,仁德里,33
汐止區,汐止國小,基本,義民里,33
汐止區,汐止國小,基本,禮門里,33
汐止區,汐止國小,基本,智慧里,33
汐止區,汐止國小,基本,大同里,33
汐止區,汐止國小,基本,信望里,33
汐止區,汐止國小,基本,江北里,33
汐止區,汐止國小,自由,復興里,33
汐止區,汐止國小,自由,白雲里1–9鄰,33
汐止區,汐止國小,自由,八連里1–4鄰,33
汐止區,秀峰國小,基本,秀峰里,33
汐止區,秀峰國小,基本,秀山里,33
汐止區,秀峰國小,基本,福安里,33
汐止區,秀峰國小,自由,復興里,33
汐止區,秀峰國小,自由,白雲里1–9鄰,33
汐止區,秀峰國小,自由,白雲里10–26鄰,33
汐止區,秀峰國小,自由,新昌里15–30鄰,33
汐止區,崇德國小,基本,茄苳里,33
汐止區,崇德國小,基本,崇德里,33
汐止區,崇德國小,基本,橋東里,33
汐止區,崇德國小,基本,建成里1–18鄰,33
汐止區,崇德國小,基本,城中里,33
汐止區,崇德國小,基本,新昌里1–14、31–35鄰,33
汐止區,崇德國小,自由,新昌里15–30鄰,33
汐止區,崇德國小,自由,建成里19–23鄰,33
汐止區,北峰國小,基本,中興里,34
汐止區,北峰國小,基本,福德里,34
汐止區,北峰國小,基本,康福里,34
汐止區,北峰國小,基本,興福里,34
汐止區,北峰國小,基本,環河里6–10鄰,34
汐止區,北峰國小,基本,樟樹里6–8、10–11鄰,34
汐止區,北峰國小,自由,樟樹里9鄰,34
汐止區,北港國小,基本,拱北里,34
汐止區,北港國小,基本,烘內里,34
汐止區,北港國小,基本,八連里5–10鄰,34
汐止區,北港國小,自由,)八連里1–4鄰,34
汐止區,長安國小,基本,鄉長里,34
汐止區,長安國小,基本,長安里,34
汐止區,長安國小,基本,保長里,34
汐止區,長安國小,自由,建成里19–23鄰,34
汐止區,保長國小,基本,保新里,34
汐止區,保長國小,基本,保安里,34
汐止區,白雲國小,基本,橫科里,34
汐止區,白雲國小,基本,福山里,34
汐止區,白雲國小,自由,白雲里1–9鄰,34
汐止區,白雲國小,自由,宜興里,34
汐止區,白雲國小,自由,東勢里,34
汐止區,白雲國小,自由,臺北市南港區中研里,34
汐止區,白雲國小,自由,九如里,34
汐止區,白雲國小,自由,臺北市南港區舊莊里,34
汐止區,白雲國小,自由,臺北市南港區新富里,34
汐止區,東山國小,基本,東山里,35
汐止區,樟樹國小,基本,忠孝里,35
汐止區,樟樹國小,基本,山光里,35
汐止區,樟樹國小,基本,厚德里,35
汐止區,樟樹國小,基本,樟樹里1–5、12–14鄰,35
汐止區,樟樹國小,自由,樟樹里9鄰,35
汐止區,金龍國小,基本,北峰里,35
汐止區,金龍國小,基本,金龍里,35
汐止區,金龍國小,基本,湖光里,35
汐止區,金龍國小,基本,湖蓮里,35
汐止區,金龍國小,基本,湖興里,35
汐止區,金龍國小,基本,北山里,35
汐止區,金龍國小,基本,環河里1–5鄰,35
汐止區,金龍國小,自由,長青里,35
汐止區,金龍國小,自由,忠山里,35
汐止區,青山國中小國小部,基本,文化里,35
汐止區,青山國中小國小部,基本,自強里,35
汐止區,青山國中小國小部,自由,白雲里10–26鄰,35
萬里區,萬里國小,基本,萬里里,36
萬里區,萬里國小,基本,北基里,36
萬里區,萬里國小,基本,龜吼里,36
萬里區,萬里國小,基本,中幅里,36
萬里區,野柳國小,基本,野柳里,36
萬里區,大鵬國小,基本,大鵬里,36
萬里區,大鵬國小,基本,磺潭里,36
萬里區,大鵬國小,基本,雙興里9鄰,36
萬里區,崁腳國小,基本,崁腳里,36
萬里區,崁腳國小,基本,溪底里1鄰,36
萬里區,大坪國小,基本,溪底里1鄰除外,36
萬里區,大坪國小,基本,雙興里9鄰除外,36
金山區,金山國小,基本,三界里,37
金山區,金山國小,基本,和平里,37
金山區,金山國小,基本,大同里,37
金山區,金山國小,基本,豐漁里,37
金山區,金山國小,基本,磺港里,37
金山區,金山國小,基本,清泉里1、2鄰,37
金山區,金山國小,基本,六股里1–5鄰,37
金山區,金山國小,基本,金美里2、7、8、10、14鄰,37
金山區,金山國小,基本,美田里1–23鄰,37
金山區,金山國小,自由,六股里6鄰因地理環境特殊,37
金山區,金美國小,基本,五湖里,37
金山區,金美國小,基本,金美里1、3–6、9、11–13、15–35鄰,37
金山區,金美國小,基本,美田里24、25鄰,37
金山區,三和國小,基本,重和里,37
金山區,三和國小,基本,兩湖里,37
金山區,三和國小,基本,六股里7、8鄰,37
金山區,三和國小,自由,)六股里第6鄰因地理環境特殊,37
金山區,中角國小,基本,清泉里3–10鄰,37
金山區,中角國小,基本,西湖里,37
金山區,中角國小,基本,萬壽里,37
金山區,中角國小,基本,永興里,37
新店區,新店國小,基本,新店里,38
新店區,新店國小,基本,國校里,38
新店區,新店國小,基本,張南里,38
新店區,新店國小,基本,文中里,38
新店區,新店國小,基本,廣明里,38
新店區,新店國小,基本,文明里,38
新店區,新店國小,基本,中興里15–18鄰,38
新店區,新店國小,基本,頂城里1–10鄰,38
新店區,新店國小,基本,直潭里1–7鄰,38
新店區,新店國小,基本,塗潭里1–3鄰,38
新店區,新店國小,基本,粗坑里1、2、3、9鄰,38
新店區,新店國小,基本,太平里,38
新店區,新店國小,自由,美城里,38
新店區,新店國小,自由,青潭里1–2鄰,38
新店區,大豐國小,基本,明德里,38
新店區,大豐國小,基本,國豐里,38
新店區,大豐國小,基本,信義里,38
新店區,大豐國小,基本,大豐里,38
新店區,大豐國小,基本,江陵里,38
新店區,大豐國小,基本,大鵬里,38
新店區,大豐國小,基本,忠孝里,38
新店區,大豐國小,基本,建國里,38
新店區,大豐國小,基本,百和里,38
新店區,大豐國小,基本,大同里,38
新店區,大豐國小,基本,復興里,38
新店區,大豐國小,基本,仁愛里13–19鄰,38
新店區,大豐國小,基本,寶安里14–39鄰,38
新店區,大豐國小,自由,中山里,38
新店區,大豐國小,自由,和平里,38
新店區,中正國小,基本,新德里,38
新店區,中正國小,基本,中央里,38
新店區,中正國小,基本,中正里,38
新店區,中正國小,基本,中華里,38
新店區,中正國小,基本,福民里,38
新店區,中正國小,基本,百忍里,38
新店區,中正國小,基本,百福里,38
新店區,中正國小,基本,新生里,38
新店區,中正國小,基本,福德里,38
新店區,中正國小,自由,中山里,38
新店區,中正國小,自由,和平里,38
新店區,北新國小,基本,五峰里,38
新店區,北新國小,基本,新安里,38
新店區,北新國小,基本,忠誠里,38
新店區,北新國小,基本,寶興里,38
新店區,北新國小,基本,張北里,38
新店區,北新國小,基本,寶福里,38
新店區,北新國小,基本,中興里1–14鄰,38
新店區,北新國小,基本,長春里,38
新店區,北新國小,基本,寶安里1–13鄰,38
新店區,北新國小,基本,仁愛里1–12鄰,38
新店區,北新國小,自由,)美潭里16–20鄰,38
新店區,安坑國小,基本,下城里,38
新店區,安坑國小,基本,公崙里,38
新店區,安坑國小,基本,德安里1–17鄰,38
新店區,安坑國小,基本,頂城里11–18鄰,38
新店區,安坑國小,基本,明城里,38
新店區,安坑國小,基本,安昌里,38
新店區,安坑國小,基本,達觀里,38
新店區,安坑國小,基本,柴埕里25–27鄰除外,38
新店區,安坑國小,自由,柴埕里25–27鄰,38
新店區,安坑國小,自由,德安里18–28鄰,38
新店區,新和國小,基本,永安里,39
新店區,新和國小,基本,安和里,39
新店區,新和國小,基本,新和里,39
新店區,新和國小,基本,永平里,39
新店區,新和國小,自由,柴埕里25–27鄰,39
新店區,直潭國小,基本,直潭里8–22鄰,39
新店區,直潭國小,基本,塗潭里4–11鄰,39
新店區,直潭國小,基本,華城里,39
新店區,直潭國小,自由,美城里,39
新店區,青潭國小,基本,青潭里3–22鄰,39
新店區,青潭國小,基本,美潭里1–15鄰,39
新店區,青潭國小,基本,員潭里,39
新店區,青潭國小,自由,青潭里1–2鄰,39
新店區,青潭國小,自由,美潭里16–20鄰,39
新店區,屈尺國小,基本,屈尺里,39
新店區,屈尺國小,基本,廣興里,39
新店區,屈尺國小,基本,粗坑里1、2、3、9鄰除外,39
新店區,龜山國小,基本,龜山里,39
新店區,雙城國小,基本,雙城里,39
新店區,雙城國小,基本,日興里,39
新店區,雙城國小,基本,香坡里,39
新店區,雙城國小,自由,玫瑰里,39
新店區,雙城國小,自由,吉祥里,39
新店區,雙峰國小,基本,雙坑里,40
新店區,達觀國中小國小部,基本,小城里,40
新店區,達觀國中小國小部,自由,玫瑰里,40
新店區,達觀國中小國小部,自由,吉祥里,40
新店區,達觀國中小國小部,自由,德安里18–28鄰,40
深坑區,深坑國小,自由,深坑區土庫里,41
石碇區,石碇國小,基本,石碇里,42
石碇區,石碇國小,基本,潭邊里,42
石碇區,石碇國小,基本,烏塗里,42
石碇區,石碇國小,基本,彭山里,42
石碇區,石碇國小,基本,豐田里1–5鄰,42
石碇區,石碇國小,自由,深坑區土庫里石碇、和平、深坑區深坑國小,42
石碇區,石碇國小,自由,豐田里6–7鄰,42
石碇區,永定國小,基本,永定里,42
石碇區,永定國小,基本,中民里,42
石碇區,永定國小,基本,光明里,42
石碇區,永定國小,自由,豐田里6–7鄰,42
石碇區,和平國小,基本,隆盛里,42
石碇區,和平國小,基本,豐林里,42
石碇區,和平國小,自由,深坑區土庫里,42
石碇區,雲海國小,基本,格頭里,42
石碇區,雲海國小,基本,永安里,42
烏來區,烏來國中小國小部,基本,烏來里,44
烏來區,烏來國中小國小部,基本,忠治里,44
烏來區,烏來國中小國小部,基本,孝義里,44
烏來區,烏來國中小國小部,基本,信賢里,44
烏來區,德拉楠民族實小,基本,福山里,44
瑞芳區,瑞柑國小,基本,柑坪里,45
瑞芳區,瑞柑國小,自由,新峰里,45
瑞芳區,瑞芳國小,基本,龍興里,45
瑞芳區,瑞芳國小,基本,龍川里,45
瑞芳區,瑞芳國小,基本,爪峰里,45
瑞芳區,瑞芳國小,基本,東和里,45
瑞芳區,瑞芳國小,基本,龍潭里9–13鄰,45
瑞芳區,瑞芳國小,自由,新峰里,45
瑞芳區,瑞芳國小,自由,龍鎮里1–4鄰,45
瑞芳區,瑞芳國小,自由,龍安里10–11鄰,45
瑞芳區,瑞芳國小,自由,碩仁里,45
瑞芳區,瑞芳國小,自由,傑魚里5–7鄰,45
瑞芳區,義方國小,基本,龍山里,45
瑞芳區,義方國小,基本,龍潭里1–8鄰,45
瑞芳區,義方國小,基本,龍鎮里5–15鄰,45
瑞芳區,義方國小,基本,龍安里1–9鄰,45
瑞芳區,義方國小,自由,龍鎮里1–4鄰,45
瑞芳區,義方國小,自由,龍安里10–11鄰,45
瑞芳區,猴硐-蒙特梭利實小,基本,梭猴硐里,45
瑞芳區,猴硐-蒙特梭利實小,基本,光復里,45
瑞芳區,猴硐-蒙特梭利實小,基本,弓橋里,45
瑞芳區,猴硐-蒙特梭利實小,自由,碩仁里,45
瑞芳區,九份國小,基本,福住里,45
瑞芳區,九份國小,基本,崇文里,45
瑞芳區,九份國小,基本,基山里,45
瑞芳區,九份國小,基本,頌德里,45
瑞芳區,九份國小,基本,永慶里,45
瑞芳區,瓜山國小,基本,新山里,45
瑞芳區,瓜山國小,基本,銅山里,45
瑞芳區,瓜山國小,基本,石山里,45
瑞芳區,瓜山國小,基本,瓜山里,45
瑞芳區,濂洞國小,基本,濂新里,45
瑞芳區,濂洞國小,基本,濂洞里,45
瑞芳區,鼻頭國小,基本,鼻頭里,45
瑞芳區,鼻頭國小,基本,南雅里,45
瑞芳區,瑞濱國小,基本,海濱里,46
瑞芳區,瑞濱國小,基本,瑞濱里,46
瑞芳區,瑞濱國小,基本,深澳里,46
瑞芳區,吉慶國小,基本,吉慶里,46
瑞芳區,吉慶國小,基本,吉安里,46
瑞芳區,吉慶國小,基本,上天里9–12鄰,46
瑞芳區,吉慶國小,自由,)上天里7–8鄰,46
瑞芳區,瑞亭國小,基本,傑魚里1–4、8–10鄰,46
瑞芳區,瑞亭國小,基本,上天里1–6鄰,46
瑞芳區,瑞亭國小,自由,上天里7–8鄰,46
瑞芳區,瑞亭國小,自由,傑魚里5–7鄰,46
雙溪區,雙溪國小,基本,共和里,47
雙溪區,雙溪國小,基本,魚行里,47
雙溪區,雙溪國小,基本,新基里,47
雙溪區,雙溪國小,基本,平林里,47
雙溪區,雙溪國小,基本,雙溪里,47
雙溪區,雙溪國小,基本,泰平里,47
雙溪區,雙溪國小,基本,三港里,47
雙溪區,雙溪國小,基本,牡丹里1–6、23–26鄰,47
雙溪區,上林國小,基本,上林里,47
雙溪區,柑林國小,基本,外柑里,47
雙溪區,柑林國小,基本,長源里,47
雙溪區,牡丹國小,基本,牡丹里7–22、27–38鄰,47
雙溪區,牡丹國小,基本,三貂里,47
貢寮區,貢寮國小,基本,貢寮里,48
貢寮區,貢寮國小,基本,雙玉里,48
貢寮區,貢寮國小,基本,龍崗里,48
貢寮區,貢寮國小,基本,龍門里,48
貢寮區,貢寮國小,基本,吉林里,48
貢寮區,和美國小,基本,和美里,48
貢寮區,澳底國小,基本,真理里,48
貢寮區,澳底國小,基本,仁里里,48
貢寮區,澳底國小,基本,美豐里,48
貢寮區,福隆國小,基本,福隆里,48
貢寮區,福連國小,基本,福連里,48
平溪區,十分國小,基本,望古里3–8鄰,49
平溪區,十分國小,基本,南山里,49
平溪區,十分國小,基本,平湖里,49
平溪區,十分國小,基本,新寮里,49
平溪區,十分國小,基本,十分里,49
平溪區,平溪國小,基本,石底里,49
平溪區,平溪國小,基本,平溪里,49
平溪區,平溪國小,基本,嶺腳里,49
平溪區,平溪國小,基本,東勢里,49
平溪區,平溪國小,基本,望古里1–2鄰,49
平溪區,菁桐國小,基本,薯榔里,49
平溪區,菁桐國小,基本,菁桐里,49
平溪區,菁桐國小,基本,白石里,49
淡水區,淡水國小,基本,清文里,50
淡水區,淡水國小,基本,協元里,50
淡水區,淡水國小,基本,長庚里,50
淡水區,淡水國小,基本,草東里,50
淡水區,淡水國小,基本,永吉里,50
淡水區,淡水國小,基本,北投里12鄰,50
淡水區,淡水國小,基本,中興里6–7、11–17鄰,50
淡水區,淡水國小,自由,新義里1–7鄰,50
淡水區,淡水國小,自由,中興里1–5、8–10、18鄰,50
淡水區,淡水國小,自由,北投里5–8鄰,50
淡水區,淡水國小,自由,水碓里,50
淡水區,淡水國小,自由,正德里,50
淡水區,淡水國小,自由,北新里1、10–16鄰,50
淡水區,淡水國小,自由,北新里2–9、17–20鄰,50
淡水區,淡水國小,自由,北投里13–15鄰,50
淡水區,淡水國小,自由,北投里4、9–11、20–22鄰,50
淡水區,鄧公國小,基本,幸福里,51
淡水區,鄧公國小,基本,鄧公里,51
淡水區,鄧公國小,基本,學府里,51
淡水區,鄧公國小,自由,竿蓁里,51
淡水區,鄧公國小,自由,北新里2–9、17–20鄰,51
淡水區,鄧公國小,自由,中興里1–5、8–10、18鄰,51
淡水區,鄧公國小,自由,樹興里9–12鄰,51
淡水區,鄧公國小,自由,北投里13–15鄰,51
淡水區,新興國小,基本,新義里8–14鄰,52
淡水區,新興國小,基本,新興里,52
淡水區,新興國小,基本,新春里,52
淡水區,新興國小,基本,新民里3–12鄰,52
淡水區,新興國小,自由,新義里1–7鄰,52
淡水區,新興國小,自由,新民里1–2鄰,52
淡水區,新興國小,自由,崁頂里3鄰,52
淡水區,文化國小,基本,民安里,52
淡水區,文化國小,基本,新生里,52
淡水區,文化國小,基本,文化里,52
淡水區,文化國小,自由,水碓里,52
淡水區,文化國小,自由,正德里,52
淡水區,文化國小,自由,北新里1、10–16鄰,52
淡水區,文化國小,自由,北新里2–9、17–20鄰,52
淡水區,文化國小,自由,新義里1–7鄰,52
淡水區,文化國小,自由,新民里1–2鄰,52
淡水區,育英國小,基本,埤島里3–13鄰,53
淡水區,育英國小,基本,新崁里15、19、21鄰,53
淡水區,育英國小,自由,新市里16–23鄰,53
淡水區,育英國小,自由,埤島里1–2鄰,53
淡水區,育英國小,自由,忠山里1–2、7–8鄰,53
淡水區,育英國小,自由,義山里1–3、9–11鄰,53
淡水區,興仁國小,基本,興仁里,54
淡水區,興仁國小,基本,賢孝里4–7鄰,54
淡水區,興仁國小,基本,義山里4–8、12–19鄰,54
淡水區,興仁國小,基本,蕃薯里7–10鄰,54
淡水區,興仁國小,自由,忠山里1–2、7–8鄰,54
淡水區,興仁國小,自由,蕃薯里5–6鄰,54
淡水區,興仁國小,自由,義山里1–3、9–11鄰,54
淡水區,新市國小,基本,北投里1–3、16–19鄰,54
淡水區,新市國小,基本,新市里1–10鄰,54
淡水區,新市國小,自由,新市里16–23鄰,54
淡水區,新市國小,自由,埤島里1–2鄰,54
淡水區,新市國小,自由,北投里4、9–11、20–22鄰,54
淡水區,新市國小,自由,新市里11–15鄰,54
淡水區,忠山實小,基本,忠山里3–6、9–10鄰,55
淡水區,忠山實小,基本,忠寮里10–11鄰,55
淡水區,忠山實小,自由,忠山里1–2、7–8鄰,55
淡水區,忠山實小,自由,忠寮里8–9鄰,55
淡水區,水源國小,基本,水源里,56
淡水區,水源國小,基本,忠寮里1–7、12–13鄰,56
淡水區,水源國小,自由,北投里5–8鄰,56
淡水區,水源國小,自由,樹興里1–2鄰,56
淡水區,水源國小,自由,忠寮里8–9鄰,56
淡水區,水源國小,自由,北投里13–15鄰,56
淡水區,坪頂國小,基本,坪頂里,56
淡水區,坪頂國小,基本,樹興里3–8鄰,56
淡水區,坪頂國小,自由,竿蓁里,56
淡水區,坪頂國小,自由,樹興里1–2鄰,56
淡水區,坪頂國小,自由,樹興里9–12鄰,56
淡水區,屯山國小,基本,屯山里,57
淡水區,屯山國小,基本,賢孝里1–3、8、10–14鄰,57
淡水區,屯山國小,自由,中和里1鄰,57
淡水區,屯山國小,自由,三芝區後厝里,57
淡水區,中泰國小,基本,中和里2–11鄰,57
淡水區,中泰國小,基本,賢孝里9鄰,57
淡水區,中泰國小,基本,蕃薯里1–4鄰,57
淡水區,中泰國小,自由,中和里1鄰,57
淡水區,中泰國小,自由,蕃薯里5–6鄰,57
淡水區,天生國小,基本,油車里,57
淡水區,天生國小,基本,沙崙里8鄰除外,57
淡水區,天生國小,基本,大庄里,57
淡水區,天生國小,自由,沙崙里8鄰,57
淡水區,竹圍國小,基本,民生里,57
淡水區,竹圍國小,基本,竹圍里,57
淡水區,竹圍國小,基本,民權里,57
淡水區,竹圍國小,基本,八勢里,57
淡水區,竹圍國小,自由,竿蓁里,57
淡水區,竹圍國小,自由,福德里,57
淡水區,淡海國小,基本,新崁里1–14鄰、16–18、20鄰,58
淡水區,淡海國小,基本,崁頂里1–17鄰,58
淡水區,淡海國小,自由,新市里11–15鄰,58
淡水區,淡海國小,自由,沙崙里8鄰,58
石門區,石門國小,基本,石門里,59
石門區,石門國小,基本,尖鹿里,59
石門區,石門國小,基本,山溪里,59
石門區,老梅實小,基本,德茂里,59
石門區,老梅實小,基本,富基里,59
石門區,老梅實小,基本,老梅里,59
石門區,乾華國小,基本,茂林里,59
石門區,乾華國小,基本,草里里,59
石門區,乾華國小,基本,乾華里,59
三芝區,三芝國小,基本,八賢里,60
三芝區,三芝國小,基本,埔頭里,60
三芝區,三芝國小,基本,埔坪里,60
三芝區,三芝國小,基本,古庄里,60
三芝區,三芝國小,基本,新庄里,60
三芝區,三芝國小,基本,茂長里,60
三芝區,三芝國小,基本,錫板里,60
三芝區,三芝國小,基本,福德里,60
三芝區,三芝國小,自由,後厝里,60
三芝區,三芝國小,自由,圓山里1–5鄰,60
三芝區,興華國小,基本,興華里,60
三芝區,興華國小,基本,店子里,60
三芝區,興華國小,自由,圓山里1–5鄰,60
三芝區,橫山國小,基本,橫山里,60
三芝區,橫山國小,基本,圓山里6、7鄰,60
三重區,三重國小,基本,崇德里,61
三重區,三重國小,基本,奕壽里,61
三重區,三重國小,基本,介壽里,61
三重區,三重國小,基本,三安里,61
三重區,三重國小,基本,龍門里,61
三重區,三重國小,基本,秀江里1–3、8–13鄰,61
三重區,三重國小,基本,長安里,61
三重區,三重國小,基本,大德里,61
三重區,三重國小,基本,開元里,61
三重區,三重國小,基本,尚德里1–5、16、21–29鄰,61
三重區,三重國小,基本,安慶里1–6鄰,61
三重區,三重國小,自由,安慶里有兄姐在修德國小就讀者,61
三重區,三重國小,自由,雙園里,61
三重區,三重國小,自由,秀江里4–7、14、15鄰,61
三重區,三重國小,自由,瑞德里,61
三重區,興穀國小,基本,五谷里,61
三重區,興穀國小,基本,谷王里,61
三重區,興穀國小,基本,德厚里,61
三重區,興穀國小,自由,中興里,61
三重區,興穀國小,自由,頂崁里即中興北街臨近新莊區化成路,61
三重區,正義國小,基本,正安里,61
三重區,正義國小,基本,正義里,61
三重區,正義國小,基本,正德里,61
三重區,正義國小,基本,重新里,61
三重區,正義國小,基本,光華里,61
三重區,正義國小,基本,中央里,61
三重區,正義國小,基本,文化里,61
三重區,正義國小,基本,錦安里,61
三重區,正義國小,基本,錦通里,61
三重區,正義國小,基本,長生里,61
三重區,正義國小,基本,大園里,61
三重區,正義國小,自由,雙園里,61
三重區,正義國小,自由,中山里,61
三重區,正義國小,自由,自強里,61
三重區,二重國小,基本,大有里,61
三重區,二重國小,基本,博愛里,61
三重區,二重國小,基本,二重里,61
三重區,二重國小,基本,田心里,61
三重區,二重國小,基本,福田里,61
三重區,二重國小,基本,光田里,61
三重區,二重國小,基本,光陽里,61
三重區,二重國小,基本,田安里中華路以西部分16–24、33–42鄰,61
三重區,重陽國小,基本,田中里,62
三重區,重陽國小,基本,三民里,62
三重區,重陽國小,基本,六福里,62
三重區,重陽國小,基本,永發里,62
三重區,重陽國小,基本,田安里中華路以東部分1–15、25–32鄰,62
三重區,重陽國小,自由,培德里17–24鄰,62
三重區,重陽國小,自由,錦田里,62
三重區,厚德國小,基本,福安里,62
三重區,厚德國小,基本,厚德里,62
三重區,厚德國小,基本,維德里,62
三重區,厚德國小,基本,尚德里6–15、17–20鄰,62
三重區,厚德國小,基本,信安里,62
三重區,厚德國小,基本,永德里,62
三重區,厚德國小,基本,立德里,62
三重區,厚德國小,基本,永煇里,62
三重區,厚德國小,基本,六合里1–10鄰,62
三重區,厚德國小,基本,培德里1–16鄰,62
三重區,厚德國小,自由,培德里17–24鄰,62
三重區,厚德國小,自由,六合里11–25鄰,62
三重區,厚德國小,自由,六合里1–10鄰有兄姊在修德國小就讀者,62
三重區,厚德國小,自由,永吉里,62
三重區,厚德國小,自由,永盛里,62
三重區,厚德國小,自由,永安里,62
三重區,厚德國小,自由,福隆里,62
三重區,永福國小,基本,永福里,62
三重區,永福國小,基本,永清里,62
三重區,永福國小,基本,永順里,62
三重區,永福國小,基本,永豐里,62
三重區,永福國小,自由,永吉里,62
三重區,永福國小,自由,永盛里,62
三重區,永福國小,自由,永安里,62
三重區,永福國小,自由,福隆里,62
三重區,永福國小,自由,福樂里,62
三重區,碧華國小,基本,碧華里,63
三重區,碧華國小,基本,慈化里,63
三重區,碧華國小,基本,慈祐里,63
三重區,碧華國小,基本,富福里,63
三重區,碧華國小,基本,慈生里,63
三重區,碧華國小,基本,慈惠里,63
三重區,碧華國小,基本,慈愛里,63
三重區,碧華國小,基本,溪美里,63
三重區,碧華國小,基本,慈福里,63
三重區,碧華國小,基本,仁華里,63
三重區,碧華國小,自由,永盛里,63
三重區,碧華國小,自由,永安里,63
三重區,碧華國小,自由,福隆里,63
三重區,碧華國小,自由,福樂里,63
三重區,光榮國小,基本,龍濱里,63
三重區,光榮國小,基本,錦江里,63
三重區,光榮國小,基本,長江里,63
三重區,光榮國小,基本,長福里,63
三重區,光榮國小,基本,承德里,63
三重區,光榮國小,基本,順德里,63
三重區,光榮國小,基本,萬壽里,63
三重區,光榮國小,基本,長泰里,63
三重區,光榮國小,基本,長元里,63
三重區,光榮國小,自由,瑞德里,63
三重區,光榮國小,自由,秀江里4–7、14、15鄰,63
三重區,五華國小,基本,富貴里,63
三重區,五華國小,基本,富華里,63
三重區,五華國小,基本,五華里,63
三重區,五華國小,基本,仁忠里,63
三重區,五華國小,基本,五常里,63
三重區,五華國小,基本,五福里,63
三重區,五華國小,基本,五順里,63
三重區,修德國小,基本,幸福里,63
三重區,修德國小,基本,重陽里,63
三重區,修德國小,基本,國隆里,63
三重區,修德國小,基本,民生里,63
三重區,修德國小,基本,安慶里7–16鄰,63
三重區,修德國小,自由,中山里,63
三重區,修德國小,自由,自強里,63
三重區,修德國小,自由,錦田里,63
三重區,修德國小,自由,六合里11–25鄰,63
三重區,修德國小,自由,六合里1–10鄰有兄姊在修德國小就讀者,63
三重區,修德國小,自由,過田里,63
三重區,修德國小,自由,安慶里有兄姊在修德國小就讀者,63
三重區,光興國小,基本,仁德里,64
三重區,光興國小,基本,光榮里,64
三重區,光興國小,基本,光輝里,64
三重區,光興國小,基本,福星里,64
三重區,光興國小,基本,福利里,64
三重區,光興國小,基本,永興里,64
三重區,光興國小,基本,清和里,64
三重區,光興國小,基本,忠孝里,64
三重區,光興國小,基本,仁義里,64
三重區,光興國小,基本,同慶里,64
三重區,光興國小,自由,光正里,64
三重區,光興國小,自由,中正里,64
三重區,三光國小,基本,同安里,64
三重區,三光國小,基本,大同里,64
三重區,三光國小,基本,平和里,64
三重區,三光國小,基本,中民里,64
三重區,三光國小,基本,大安里,64
三重區,三光國小,基本,吉利里,64
三重區,三光國小,基本,光明里1–3鄰,64
三重區,三光國小,自由,菜寮里,64
三重區,三光國小,自由,永春里二,64
三重區,三光國小,自由,光正里,64
三重區,三光國小,自由,中正里,64
三重區,集美國小,基本,成功里,65
三重區,集美國小,基本,福德里,65
三重區,集美國小,基本,福民里,65
三重區,集美國小,基本,光明里4–30鄰,65
三重區,集美國小,基本,重明里,65
三重區,集美國小,基本,福祉里,65
三重區,集美國小,自由,過田里,65
三重區,集美國小,自由,菜寮里,65
三重區,集美國小,自由,永春里,65
三重區,集美國小,自由,光正里,65
三重區,集美國小,自由,中正里,65
蘆洲區,成功國小,基本,成功里,66
蘆洲區,成功國小,基本,忠義里,66
蘆洲區,成功國小,基本,長安里,66
蘆洲區,成功國小,基本,延平里,66
蘆洲區,成功國小,基本,九芎里,66
蘆洲區,成功國小,基本,永康里,66
蘆洲區,成功國小,基本,永德里,66
蘆洲區,成功國小,自由,永安里,66
蘆洲區,成功國小,自由,永樂里20–27鄰,66
蘆洲區,成功國小,自由,正義里7、15–17鄰,66
蘆洲區,蘆洲國小,基本,中原里9–24鄰,66
蘆洲區,蘆洲國小,基本,光明里15鄰除外,66
蘆洲區,蘆洲國小,基本,保和里,66
蘆洲區,蘆洲國小,基本,仁復里,66
蘆洲區,蘆洲國小,基本,得勝里,66
蘆洲區,蘆洲國小,基本,光華里,66
蘆洲區,蘆洲國小,基本,中華里,66
蘆洲區,蘆洲國小,基本,中路里,66
蘆洲區,蘆洲國小,基本,得仁里,66
蘆洲區,蘆洲國小,基本,樹德里,66
蘆洲區,蘆洲國小,基本,民和里,66
蘆洲區,蘆洲國小,自由,永安里,66
蘆洲區,蘆洲國小,自由,溪墘里13–15鄰,66
蘆洲區,蘆洲國小,自由,保佑里,66
蘆洲區,蘆洲國小,自由,光明里15鄰,66
蘆洲區,鷺江國小,基本,樓厝里,66
蘆洲區,鷺江國小,基本,玉清里,66
蘆洲區,鷺江國小,基本,信義里,66
蘆洲區,鷺江國小,基本,福安里,66
蘆洲區,鷺江國小,基本,仁德里,66
蘆洲區,鷺江國小,基本,仁義里,66
蘆洲區,鷺江國小,基本,恆德里,66
蘆洲區,鷺江國小,基本,鷺江里,66
蘆洲區,鷺江國小,基本,溪墘里1–12鄰,66
蘆洲區,鷺江國小,自由,)溪墘里13–15鄰,66
蘆洲區,仁愛國小,基本,保新里1–8鄰,66
蘆洲區,仁愛國小,基本,水河里,66
蘆洲區,仁愛國小,基本,水湳里,66
蘆洲區,仁愛國小,基本,忠孝里,66
蘆洲區,仁愛國小,基本,仁愛里,66
蘆洲區,仁愛國小,基本,復興里,66
蘆洲區,忠義國小,基本,南港里,66
蘆洲區,忠義國小,基本,永樂里1–19鄰,66
蘆洲區,忠義國小,基本,正義里除7、15–17鄰,66
蘆洲區,忠義國小,基本,中原里1–8、25–29鄰,66
蘆洲區,忠義國小,基本,保新里9–12鄰,66
蘆洲區,忠義國小,自由,保佑里,66
蘆洲區,忠義國小,自由,光明里15鄰二,66
蘆洲區,忠義國小,自由,永樂里20–27鄰,66
蘆洲區,忠義國小,自由,正義里7、15–17鄰,66
新莊區,新莊國小,基本,立人里,68
新莊區,新莊國小,基本,思源里1、4、20鄰,68
新莊區,新莊國小,基本,文衡里1、4–8、10–16鄰,68
新莊區,新莊國小,基本,文聖里2–17鄰,68
新莊區,新莊國小,基本,興漢里,68
新莊區,新莊國小,基本,榮和里,68
新莊區,新莊國小,基本,文德里,68
新莊區,新莊國小,基本,文明里,68
新莊區,新莊國小,基本,恆安里,68
新莊區,新莊國小,基本,立德里1–8鄰,68
新莊區,新莊國小,自由,中美里,68
新莊區,新莊國小,自由,思賢里2鄰,68
新莊區,新莊國小,自由,思源里3、19鄰,68
新莊區,新莊國小,自由,文衡里2–3、9鄰,68
新莊區,新莊國小,自由,文聖里1、18–29鄰,68
新莊區,中港國小,基本,中泰里,68
新莊區,中港國小,基本,立志里,68
新莊區,中港國小,基本,立基里,68
新莊區,中港國小,基本,立廷里16、19–40鄰除外,68
新莊區,中港國小,基本,中宏里,68
新莊區,中港國小,基本,中全里,68
新莊區,中港國小,基本,立功里,68
新莊區,中港國小,基本,中和里,68
新莊區,中港國小,基本,中港里8–10鄰,68
新莊區,中港國小,基本,中誠里1–4、6–15鄰,68
新莊區,中港國小,自由,中港里11–14、21–25鄰,68
新莊區,中港國小,自由,中誠里5鄰,68
新莊區,榮富國小,基本,中信里,68
新莊區,榮富國小,基本,中平里,68
新莊區,榮富國小,基本,中港里1–7、15–20、26–28鄰,68
新莊區,榮富國小,自由,中港里11–14、21–25鄰、中誠里5鄰,68
新莊區,榮富國小,自由,中隆里1–20鄰,68
新莊區,榮富國小,自由,立廷里16、19–40鄰,68
新莊區,中信國小,基本,中原里,69
新莊區,中信國小,基本,中隆里21–27鄰,69
新莊區,中信國小,自由,中隆里1–20鄰,69
新莊區,中信國小,自由,立廷里16、19–40鄰,69
新莊區,思賢國小,基本,仁義里,69
新莊區,思賢國小,基本,自信里,69
新莊區,思賢國小,基本,思源里2、5–18、21–22鄰,69
新莊區,思賢國小,基本,思賢里2鄰除外,69
新莊區,思賢國小,基本,仁愛里,69
新莊區,思賢國小,基本,自強里,69
新莊區,思賢國小,基本,自立里,69
新莊區,思賢國小,基本,中華里,69
新莊區,思賢國小,自由,中美里,69
新莊區,思賢國小,自由,思賢里2鄰,69
新莊區,思賢國小,自由,思源里3、19鄰,69
新莊區,昌隆國小,基本,昌明里1–4、9–11、14、16–17鄰,69
新莊區,昌隆國小,基本,昌信里1–3、7鄰,69
新莊區,昌隆國小,基本,和平里1–14鄰),69
新莊區,昌隆國小,基本,信義里,69
新莊區,昌隆國小,基本,昌隆里,69
新莊區,昌隆國小,基本,幸福里,69
新莊區,昌隆國小,自由,昌明里5–8、12、13、15、18鄰,69
新莊區,昌隆國小,自由,昌信里4–6鄰,69
新莊區,昌隆國小,自由,和平里15–21鄰),69
新莊區,昌平國小,基本,昌平里8–21鄰,69
新莊區,昌平國小,基本,昌信里8–17鄰,69
新莊區,昌平國小,自由,昌明里5–8、12、13、15、18鄰,69
新莊區,昌平國小,自由,昌信里4–6鄰,69
新莊區,昌平國小,自由,昌平里1–7鄰,69
新莊區,昌平國小,自由,和平里15–21鄰),69
新莊區,興化國小,基本,福基里10–17鄰,70
新莊區,興化國小,基本,福興里,70
新莊區,興化國小,自由,昌平里1–7鄰,70
新莊區,興化國小,自由,五股區興珍里33–37鄰,70
新莊區,頭前國小,基本,化成里,70
新莊區,頭前國小,基本,頭前里,70
新莊區,頭前國小,基本,福基里1–9鄰,70
新莊區,頭前國小,自由,)三重區中興里,70
新莊區,頭前國小,自由,頂崁里即中興北街臨近本區化成路,70
新莊區,國泰國小,基本,忠孝里1–6、11、12、14、15、18、20、22、25、26鄰,71
新莊區,國泰國小,基本,國泰里10鄰,71
新莊區,國泰國小,基本,海山里19–24鄰,71
新莊區,國泰國小,基本,福營里,71
新莊區,國泰國小,基本,營盤里,71
新莊區,國泰國小,自由,泰山區貴賢里9–14鄰,71
新莊區,國泰國小,自由,泰山區義仁里30–39鄰,71
新莊區,新泰國小,基本,立德里9–17鄰,71
新莊區,新泰國小,基本,全泰里,71
新莊區,新泰國小,基本,立言里,71
新莊區,新泰國小,基本,立泰里,71
新莊區,新泰國小,基本,忠孝里7–10、13、16、17、19、21、23、24、27–29鄰,71
新莊區,新泰國小,自由,文聖里1、18–29鄰,71
新莊區,新泰國小,自由,泰山區義仁里30–39鄰,71
新莊區,裕民國小,基本,四維里16–18鄰,71
新莊區,裕民國小,基本,裕民里,71
新莊區,裕民國小,基本,萬安里,71
新莊區,裕民國小,基本,龍安里,71
新莊區,裕民國小,基本,南港里,71
新莊區,裕民國小,基本,富國里,71
新莊區,裕民國小,自由,龍鳳里,71
新莊區,裕民國小,自由,龍福里,71
新莊區,裕民國小,自由,富民里,71
新莊區,裕民國小,自由,四維里19–22鄰,71
新莊區,裕民國小,自由,三龍里16鄰,71
新莊區,丹鳳國小,基本,丹鳳里,72
新莊區,丹鳳國小,基本,合鳳里,72
新莊區,丹鳳國小,基本,祥鳳里,72
新莊區,丹鳳國小,基本,雙鳳里,72
新莊區,丹鳳國小,自由,龍鳳里,72
新莊區,丹鳳國小,自由,龍福里,72
新莊區,丹鳳國小,自由,富民里,72
新莊區,丹鳳國小,自由,泰山區貴和里33–38鄰,72
新莊區,民安國小,基本,民安里1–16、19–22鄰,72
新莊區,民安國小,基本,四維里1–15鄰,72
新莊區,民安國小,基本,成德里1–4、9–11鄰,72
新莊區,民安國小,基本,後港里,72
新莊區,民安國小,基本,八德里,72
新莊區,民安國小,基本,民有里1、10–14、16、17鄰,72
新莊區,民安國小,基本,後德里,72
新莊區,民安國小,基本,建福里,72
新莊區,民安國小,基本,民全里,72
新莊區,民安國小,基本,民本里,72
新莊區,民安國小,基本,西盛里1–5、19、22鄰,72
新莊區,民安國小,基本,建安里1–32鄰,72
新莊區,民安國小,自由,瓊林里13–20鄰,72
新莊區,民安國小,自由,建安里33、34鄰,72
新莊區,民安國小,自由,成德里5–8、12–23鄰,72
新莊區,民安國小,自由,民有里2–9、15、18–20鄰,72
新莊區,民安國小,自由,民安里28、29鄰三,72
新莊區,民安國小,自由,富民里,72
新莊區,豐年國小,基本,全安里,73
新莊區,豐年國小,基本,瓊林里1–12鄰,73
新莊區,豐年國小,基本,海山里1–18鄰,73
新莊區,豐年國小,基本,國泰里1–9、11–16鄰,73
新莊區,豐年國小,基本,豐年里,73
新莊區,豐年國小,基本,泰豐里,73
新莊區,豐年國小,自由,瓊林里13–20鄰,73
新莊區,豐年國小,自由,建安里33、34鄰,73
新莊區,豐年國小,自由,文衡里2、3、9鄰,73
新莊區,光華國小,基本,光華里,73
新莊區,光華國小,基本,光明里,73
新莊區,光華國小,基本,民安里17、18、23–27、30–33鄰,73
新莊區,光華國小,基本,光和里,73
新莊區,光華國小,基本,光正里,73
新莊區,光華國小,基本,光榮里,73
新莊區,光華國小,基本,西盛里6–11、13、20、21、23、24鄰,73
新莊區,光華國小,自由,成德里5–8、12–23鄰,73
新莊區,光華國小,自由,民有里2–9、15、18–20鄰,73
新莊區,光華國小,自由,民安里28、29鄰,73
新莊區,光華國小,自由,西盛里12鄰,73
新莊區,光華國小,自由,四維里19–22鄰,73
泰山區,泰山國小,基本,大科里1–6、9–12鄰,74
泰山區,泰山國小,基本,黎明里2–14、16–17,74
泰山區,泰山國小,基本,山腳里,74
泰山區,泰山國小,基本,福泰里,74
泰山區,泰山國小,基本,楓樹里,74
泰山區,泰山國小,基本,福興里1–18鄰,74
泰山區,泰山國小,自由,全興里1–7鄰,74
泰山區,泰山國小,自由,同興里1–12鄰,74
泰山區,泰山國小,自由,同榮里1–16、30鄰,74
泰山區,泰山國小,自由,福興里19–25鄰,74
泰山區,泰山國小,自由,大科里7–8鄰,74
泰山區,泰山國小,自由,黎明里1,74
泰山區,泰山國小,自由,15鄰,74
泰山區,明志國小,基本,明志里,74
泰山區,明志國小,基本,新明里,74
泰山區,明志國小,基本,泰友里,74
泰山區,明志國小,基本,貴子里,74
泰山區,明志國小,基本,貴和里1–32、39–42鄰,74
泰山區,明志國小,基本,貴賢里1–8、15–27鄰,74
泰山區,明志國小,基本,大科里13–16鄰,74
泰山區,明志國小,自由,義仁里21–29鄰,74
泰山區,明志國小,自由,貴和里33–38鄰,74
泰山區,明志國小,自由,貴賢里9–14鄰,74
泰山區,同榮國小,基本,同榮里17–29鄰,75
泰山區,同榮國小,基本,義學里,75
泰山區,同榮國小,自由,全興里1–7鄰,75
泰山區,同榮國小,自由,同興里1–12鄰,75
泰山區,同榮國小,自由,同榮里1–16、30鄰,75
泰山區,同榮國小,自由,同興里13–24鄰,75
泰山區,義學國小,基本,義仁里1–20鄰,75
泰山區,義學國小,基本,全興里8–25鄰,75
泰山區,義學國小,自由,全興里1–7鄰,75
泰山區,義學國小,自由,同興里1–12鄰,75
泰山區,義學國小,自由,福興里19–25鄰,75
泰山區,義學國小,自由,同興里13–24鄰,75
泰山區,義學國小,自由,義仁里21–29鄰,75
泰山區,義學國小,自由,義仁里30–39鄰,75
五股區,五股國小,基本,五龍里,77
五股區,五股國小,基本,陸一里,77
五股區,五股國小,基本,五股里,77
五股區,五股國小,基本,民義里,77
五股區,五股國小,基本,六福里,77
五股區,五股國小,基本,五福里,77
五股區,五股國小,基本,更寮里中興路三段所屬,77
五股區,五股國小,自由,德音里1–22鄰,77
五股區,五股國小,自由,成功里,77
五股區,五股國小,自由,成泰里,77
五股區,五股國小,自由,芳洲里,77
五股區,德音國小,基本,德音里23–30鄰,77
五股區,德音國小,基本,水碓里,77
五股區,德音國小,基本,德泰里,77
五股區,德音國小,基本,福德里,77
五股區,德音國小,基本,貿商里,77
五股區,德音國小,自由,德音里1–22鄰,77
五股區,德音國小,自由,黎明里1,77
五股區,德音國小,自由,15鄰,77
五股區,成州國小,基本,觀音里,77
五股區,成州國小,基本,集福里,77
五股區,成州國小,基本,集賢里,77
五股區,成州國小,基本,成州里,77
五股區,成州國小,基本,成德里,77
五股區,成州國小,自由,成功里,77
五股區,成州國小,自由,成泰里,77
五股區,成州國小,自由,芳洲里,77
五股區,更寮國小,基本,更寮里,77
五股區,更寮國小,基本,興珍里1–32鄰、38–40鄰,77
五股區,更寮國小,自由,興珍里33–37鄰,77
八里區,八里國小,基本,頂罟里8–13鄰,78
八里區,八里國小,基本,舊城里,78
八里區,八里國小,基本,訊塘里,78
八里區,八里國小,基本,荖阡里,78
八里區,八里國小,自由,下罟里,78
八里區,長坑國小,基本,長坑里,78
八里區,長坑國小,自由,下罟里,78
八里區,米倉國小,基本,龍源里,78
八里區,米倉國小,基本,米倉里1–20鄰,78
八里區,大崁國小,基本,米倉里21–24鄰,78
八里區,大崁國小,基本,大崁里,78
八里區,大崁國小,基本,埤頭里,78
八里區,大崁國小,基本,頂罟里1–7鄰,78
林口區,林口國小,基本,東林里,79
林口區,林口國小,基本,林口里,79
林口區,林口國小,基本,中湖里,79
林口區,林口國小,基本,湖北里,79
林口區,林口國小,基本,菁湖里,79
林口區,林口國小,基本,西林里1–10、12–13鄰、26鄰,79
林口區,林口國小,自由,瑞平里1–4鄰,79
林口區,林口國小,自由,太平里1–5鄰,79
林口區,林口國小,自由,西林里27–35鄰,79
林口區,麗園國小,基本,東勢里,79
林口區,麗園國小,基本,麗園里,79
林口區,麗園國小,自由,泰山區大科里7–8鄰,79
林口區,麗園國小,自由,西林里27–35鄰,79
林口區,麗園國小,自由,仁愛里13–28鄰,79
林口區,麗林國小,基本,麗林里,79
林口區,麗林國小,基本,仁愛里13–28鄰除外,79
林口區,麗林國小,自由,仁愛里13–28鄰,79
林口區,南勢國小,基本,南勢里1–16鄰,79
林口區,南勢國小,基本,新林里1–3鄰,79
林口區,南勢國小,基本,頂福里1–4、13–14、16–17、19–20鄰,79
林口區,南勢國小,自由,頂福里7、18鄰,79
林口區,南勢國小,自由,力行里4–25鄰,79
林口區,南勢國小,自由,力行里1–3鄰,79
林口區,興福國小,基本,下福里,80
林口區,興福國小,基本,嘉寶里6–7鄰,80
林口區,興福國小,基本,頂福里8–12、15鄰,80
林口區,嘉寶國小,基本,嘉寶里6、7鄰除外,80
林口區,嘉寶國小,基本,頂福里5–6鄰,80
林口區,嘉寶國小,自由,頂福里7、18鄰,80
林口區,瑞平國小,基本,瑞平里5–10鄰,80
林口區,瑞平國小,基本,太平里6–15鄰,80
林口區,瑞平國小,自由,瑞平里1–4鄰,80
林口區,瑞平國小,自由,太平里1–5鄰,80
林口區,頭湖國小,基本,湖南里1–17鄰,80
林口區,頭湖國小,基本,頭湖1–13鄰,80
林口區,頭湖國小,自由,湖南里18–22鄰,80
林口區,頭湖國小,自由,文湖里1–12鄰,80
林口區,新林國小,基本,新林里4–23鄰,80
林口區,新林國小,自由,力行里4–25鄰,80
林口區,新林國小,自由,力行里1–3鄰,80
林口區,東湖國小,基本,西林里11、14–25、36–37鄰,81
林口區,東湖國小,基本,文湖里13–30鄰,81
林口區,東湖國小,自由,西林里27–35鄰,81
林口區,東湖國小,自由,湖南里18–22鄰,81
林口區,東湖國小,自由,文湖里1–12鄰,81
林口區,東湖國小,自由,力行里1–3鄰,81
