行政區,學校名稱,學校代碼,類型,區分,里／鄰,原始項目,校址,電話及傳真
松山區,介壽國中,313501,基本學區,松山區,介壽,介壽、東榮、東昌、東勢、龍田、精忠,松山區延壽街401號,TEL:27674496FAX:27660952
松山區,介壽國中,313501,基本學區,松山區,東榮,介壽、東榮、東昌、東勢、龍田、精忠,松山區延壽街401號,TEL:27674496FAX:27660952
松山區,介壽國中,313501,基本學區,松山區,東昌,介壽、東榮、東昌、東勢、龍田、精忠,松山區延壽街401號,TEL:27674496FAX:27660952
松山區,介壽國中,313501,基本學區,松山區,東勢,介壽、東榮、東昌、東勢、龍田、精忠,松山區延壽街401號,TEL:27674496FAX:27660952
松山區,介壽國中,313501,基本學區,松山區,龍田,介壽、東榮、東昌、東勢、龍田、精忠,松山區延壽街401號,TEL:27674496FAX:27660952
松山區,介壽國中,313501,基本學區,松山區,精忠,介壽、東榮、東昌、東勢、龍田、精忠,松山區延壽街401號,TEL:27674496FAX:27660952
松山區,介壽國中,313501,共同學區,松山區,復勢,復勢:中崙、介壽共同學區,松山區延壽街401號,TEL:27674496FAX:27660952
松山區,介壽國中,313501,共同學區,松山區,中華（20、23-25鄰）,中華（20、23-25鄰）:介壽、敦化共同學區,松山區延壽街401號,TEL:27674496FAX:27660952
松山區,民生國中,313502,基本學區,松山區,三民,三民、莊敬、富錦、富泰、新東、新益,松山區新東街30巷1號,TEL:27653433FAX:27602519
松山區,民生國中,313502,基本學區,松山區,莊敬,三民、莊敬、富錦、富泰、新東、新益,松山區新東街30巷1號,TEL:27653433FAX:27602519
松山區,民生國中,313502,基本學區,松山區,富錦,三民、莊敬、富錦、富泰、新東、新益,松山區新東街30巷1號,TEL:27653433FAX:27602519
松山區,民生國中,313502,基本學區,松山區,富泰,三民、莊敬、富錦、富泰、新東、新益,松山區新東街30巷1號,TEL:27653433FAX:27602519
松山區,民生國中,313502,基本學區,松山區,新東,三民、莊敬、富錦、富泰、新東、新益,松山區新東街30巷1號,TEL:27653433FAX:27602519
松山區,民生國中,313502,基本學區,松山區,新益,三民、莊敬、富錦、富泰、新東、新益,松山區新東街30巷1號,TEL:27653433FAX:27602519
松山區,西松高中國中部,313301,基本學區,松山區,安平,安平、自強、鵬程,松山區健康路325巷7號,TEL:25286618FAX:27670337
松山區,西松高中國中部,313301,基本學區,松山區,自強,安平、自強、鵬程,松山區健康路325巷7號,TEL:25286618FAX:27670337
松山區,西松高中國中部,313301,基本學區,松山區,鵬程,安平、自強、鵬程,松山區健康路325巷7號,TEL:25286618FAX:27670337
松山區,西松高中國中部,313301,共同學區,松山區,東光,東光、吉祥、新聚、復盛:中崙、西松共同學區,松山區健康路325巷7號,TEL:25286618FAX:27670337
松山區,西松高中國中部,313301,共同學區,松山區,吉祥,東光、吉祥、新聚、復盛:中崙、西松共同學區,松山區健康路325巷7號,TEL:25286618FAX:27670337
松山區,西松高中國中部,313301,共同學區,松山區,新聚,東光、吉祥、新聚、復盛:中崙、西松共同學區,松山區健康路325巷7號,TEL:25286618FAX:27670337
松山區,西松高中國中部,313301,共同學區,松山區,復盛,東光、吉祥、新聚、復盛:中崙、西松共同學區,松山區健康路325巷7號,TEL:25286618FAX:27670337
松山區,敦化國中,313505,基本學區,松山區,中華（1-19、21、22鄰）,中華（1-19、21、22鄰）、中正、中崙、吉仁、美仁、福成、敦化、復源、松基（13、15-16鄰,松山區南京東路3段300號,TEL:87717890FAX:27739420
松山區,敦化國中,313505,基本學區,松山區,中正,中華（1-19、21、22鄰）、中正、中崙、吉仁、美仁、福成、敦化、復源、松基（13、15-16鄰,松山區南京東路3段300號,TEL:87717890FAX:27739420
松山區,敦化國中,313505,基本學區,松山區,中崙,中華（1-19、21、22鄰）、中正、中崙、吉仁、美仁、福成、敦化、復源、松基（13、15-16鄰,松山區南京東路3段300號,TEL:87717890FAX:27739420
松山區,敦化國中,313505,基本學區,松山區,吉仁,中華（1-19、21、22鄰）、中正、中崙、吉仁、美仁、福成、敦化、復源、松基（13、15-16鄰,松山區南京東路3段300號,TEL:87717890FAX:27739420
松山區,敦化國中,313505,基本學區,松山區,美仁,中華（1-19、21、22鄰）、中正、中崙、吉仁、美仁、福成、敦化、復源、松基（13、15-16鄰,松山區南京東路3段300號,TEL:87717890FAX:27739420
松山區,敦化國中,313505,基本學區,松山區,福成,中華（1-19、21、22鄰）、中正、中崙、吉仁、美仁、福成、敦化、復源、松基（13、15-16鄰,松山區南京東路3段300號,TEL:87717890FAX:27739420
松山區,敦化國中,313505,基本學區,松山區,敦化,中華（1-19、21、22鄰）、中正、中崙、吉仁、美仁、福成、敦化、復源、松基（13、15-16鄰,松山區南京東路3段300號,TEL:87717890FAX:27739420
松山區,敦化國中,313505,基本學區,松山區,復源,中華（1-19、21、22鄰）、中正、中崙、吉仁、美仁、福成、敦化、復源、松基（13、15-16鄰,松山區南京東路3段300號,TEL:87717890FAX:27739420
松山區,敦化國中,313505,基本學區,松山區,松基（13、15-16鄰,中華（1-19、21、22鄰）、中正、中崙、吉仁、美仁、福成、敦化、復源、松基（13、15-16鄰,松山區南京東路3段300號,TEL:87717890FAX:27739420
松山區,敦化國中,313505,共同學區,松山區,復建,復建:中崙、敦化共同學區,松山區南京東路3段300號,TEL:87717890FAX:27739420
松山區,敦化國中,313505,共同學區,松山區,中華（20、23-25鄰）,中華（20、23-25鄰）:介壽、敦化共同學區,松山區南京東路3段300號,TEL:87717890FAX:27739420
松山區,中山國中,313504,基本學區,中山區,江山,江山、江寧、龍洲,松山區復興北路361巷7號,TEL:27126701FAX:27180954
松山區,中山國中,313504,基本學區,中山區,江寧,江山、江寧、龍洲,松山區復興北路361巷7號,TEL:27126701FAX:27180954
松山區,中山國中,313504,基本學區,中山區,龍洲,江山、江寧、龍洲,松山區復興北路361巷7號,TEL:27126701FAX:27180954
松山區,中山國中,313504,基本學區,松山區,民有,民有、松基（1-12、14鄰,松山區復興北路361巷7號,TEL:27126701FAX:27180954
松山區,中山國中,313504,基本學區,松山區,松基（1-12、14鄰,民有、松基（1-12、14鄰,松山區復興北路361巷7號,TEL:27126701FAX:27180954
松山區,中山國中,313504,共同學區,松山區,民福（22-25鄰）,民福（22-25鄰）:中山、五常共同學區,松山區復興北路361巷7號,TEL:27126701FAX:27180954
松山區,中崙高中國中部,313302,共同學區,松山區,復建,復建:中崙、敦化共同學區,松山區八德路4段101號,TEL:27535316FAX:27534598
松山區,中崙高中國中部,313302,共同學區,松山區,復勢,復勢:中崙、介壽共同學區,松山區八德路4段101號,TEL:27535316FAX:27534598
松山區,中崙高中國中部,313302,共同學區,松山區,東光,東光、吉祥、新聚、復盛:中崙、西松共同學區,松山區八德路4段101號,TEL:27535316FAX:27534598
松山區,中崙高中國中部,313302,共同學區,松山區,吉祥,東光、吉祥、新聚、復盛:中崙、西松共同學區,松山區八德路4段101號,TEL:27535316FAX:27534598
松山區,中崙高中國中部,313302,共同學區,松山區,新聚,東光、吉祥、新聚、復盛:中崙、西松共同學區,松山區八德路4段101號,TEL:27535316FAX:27534598
松山區,中崙高中國中部,313302,共同學區,松山區,復盛,東光、吉祥、新聚、復盛:中崙、西松共同學區,松山區八德路4段101號,TEL:27535316FAX:27534598
信義區,永吉國中,323503,基本學區,信義區,四育,四育、四維、五常、永吉、永春、雅祥、五全、長春,信義區松隆路161號。,TEL:27649066FAX:27671163
信義區,永吉國中,323503,基本學區,信義區,四維,四育、四維、五常、永吉、永春、雅祥、五全、長春,信義區松隆路161號。,TEL:27649066FAX:27671163
信義區,永吉國中,323503,基本學區,信義區,五常,四育、四維、五常、永吉、永春、雅祥、五全、長春,信義區松隆路161號。,TEL:27649066FAX:27671163
信義區,永吉國中,323503,基本學區,信義區,永吉,四育、四維、五常、永吉、永春、雅祥、五全、長春,信義區松隆路161號。,TEL:27649066FAX:27671163
信義區,永吉國中,323503,基本學區,信義區,永春,四育、四維、五常、永吉、永春、雅祥、五全、長春,信義區松隆路161號。,TEL:27649066FAX:27671163
信義區,永吉國中,323503,基本學區,信義區,雅祥,四育、四維、五常、永吉、永春、雅祥、五全、長春,信義區松隆路161號。,TEL:27649066FAX:27671163
信義區,永吉國中,323503,基本學區,信義區,五全,四育、四維、五常、永吉、永春、雅祥、五全、長春,信義區松隆路161號。,TEL:27649066FAX:27671163
信義區,永吉國中,323503,基本學區,信義區,長春,四育、四維、五常、永吉、永春、雅祥、五全、長春,信義區松隆路161號。,TEL:27649066FAX:27671163
信義區,永吉國中,323503,基本學區,松山區,慈祐,慈祐,信義區松隆路161號。,TEL:27649066FAX:27671163
信義區,興雅國中,323502,基本學區,信義區,敦厚,敦厚、六藝、興雅、新仁、安康、富台、松友、國業、廣居、松隆（7-12鄰,信義區松德路168巷15號。,TEL:27232771FAX:27220432
信義區,興雅國中,323502,基本學區,信義區,六藝,敦厚、六藝、興雅、新仁、安康、富台、松友、國業、廣居、松隆（7-12鄰,信義區松德路168巷15號。,TEL:27232771FAX:27220432
信義區,興雅國中,323502,基本學區,信義區,興雅,敦厚、六藝、興雅、新仁、安康、富台、松友、國業、廣居、松隆（7-12鄰,信義區松德路168巷15號。,TEL:27232771FAX:27220432
信義區,興雅國中,323502,基本學區,信義區,新仁,敦厚、六藝、興雅、新仁、安康、富台、松友、國業、廣居、松隆（7-12鄰,信義區松德路168巷15號。,TEL:27232771FAX:27220432
信義區,興雅國中,323502,基本學區,信義區,安康,敦厚、六藝、興雅、新仁、安康、富台、松友、國業、廣居、松隆（7-12鄰,信義區松德路168巷15號。,TEL:27232771FAX:27220432
信義區,興雅國中,323502,基本學區,信義區,富台,敦厚、六藝、興雅、新仁、安康、富台、松友、國業、廣居、松隆（7-12鄰,信義區松德路168巷15號。,TEL:27232771FAX:27220432
信義區,興雅國中,323502,基本學區,信義區,松友,敦厚、六藝、興雅、新仁、安康、富台、松友、國業、廣居、松隆（7-12鄰,信義區松德路168巷15號。,TEL:27232771FAX:27220432
信義區,興雅國中,323502,基本學區,信義區,國業,敦厚、六藝、興雅、新仁、安康、富台、松友、國業、廣居、松隆（7-12鄰,信義區松德路168巷15號。,TEL:27232771FAX:27220432
信義區,興雅國中,323502,基本學區,信義區,廣居,敦厚、六藝、興雅、新仁、安康、富台、松友、國業、廣居、松隆（7-12鄰,信義區松德路168巷15號。,TEL:27232771FAX:27220432
信義區,興雅國中,323502,基本學區,信義區,松隆（7-12鄰,敦厚、六藝、興雅、新仁、安康、富台、松友、國業、廣居、松隆（7-12鄰,信義區松德路168巷15號。,TEL:27232771FAX:27220432
信義區,興雅國中,323502,共同學區,信義區,松隆（1-6鄰）,松隆（1-6鄰）:興雅、瑠公共同學區,信義區松德路168巷15號。,TEL:27232771FAX:27220432
信義區,興雅國中,323502,共同學區,信義區,西村,西村、興隆:興雅、仁愛共同學區,信義區松德路168巷15號。,TEL:27232771FAX:27220432
信義區,興雅國中,323502,共同學區,信義區,興隆,西村、興隆:興雅、仁愛共同學區,信義區松德路168巷15號。,TEL:27232771FAX:27220432
信義區,興雅國中,323502,共同學區,大安區,正聲,正聲、華聲:興雅、懷生、仁愛共同學區,信義區松德路168巷15號。,TEL:27232771FAX:27220432
信義區,興雅國中,323502,共同學區,大安區,華聲,正聲、華聲:興雅、懷生、仁愛共同學區,信義區松德路168巷15號。,TEL:27232771FAX:27220432
信義區,瑠公國中,323504,基本學區,信義區,大道,大道、中坡、中行、大仁、松光,信義區福德街221巷15號。,TEL:27261481FAX:27281331
信義區,瑠公國中,323504,基本學區,信義區,中坡,大道、中坡、中行、大仁、松光,信義區福德街221巷15號。,TEL:27261481FAX:27281331
信義區,瑠公國中,323504,基本學區,信義區,中行,大道、中坡、中行、大仁、松光,信義區福德街221巷15號。,TEL:27261481FAX:27281331
信義區,瑠公國中,323504,基本學區,信義區,大仁,大道、中坡、中行、大仁、松光,信義區福德街221巷15號。,TEL:27261481FAX:27281331
信義區,瑠公國中,323504,基本學區,信義區,松光,大道、中坡、中行、大仁、松光,信義區福德街221巷15號。,TEL:27261481FAX:27281331
信義區,瑠公國中,323504,共同學區,信義區,松隆（1-6鄰）,松隆（1-6鄰）、興雅、瑠公共同學區,信義區福德街221巷15號。,TEL:27261481FAX:27281331
信義區,瑠公國中,323504,基本學區,南港區,百福,百福、成福（17-27、30鄰）、仁福,信義區福德街221巷15號。,TEL:27261481FAX:27281331
信義區,瑠公國中,323504,基本學區,南港區,成福（17-27、30鄰）,百福、成福（17-27、30鄰）、仁福,信義區福德街221巷15號。,TEL:27261481FAX:27281331
信義區,瑠公國中,323504,基本學區,南港區,仁福,百福、成福（17-27、30鄰）、仁福,信義區福德街221巷15號。,TEL:27261481FAX:27281331
信義區,瑠公國中,323504,共同學區,南港區,鴻福,鴻福、萬福（6-8、18-19鄰）:瑠公、成德共同學區,信義區福德街221巷15號。,TEL:27261481FAX:27281331
信義區,瑠公國中,323504,共同學區,南港區,萬福（6-8、18-19鄰）,鴻福、萬福（6-8、18-19鄰）:瑠公、成德共同學區,信義區福德街221巷15號。,TEL:27261481FAX:27281331
信義區,信義國中,323505,基本學區,信義區,雙和,雙和、泰和、六合、惠安、嘉興、中興（1-3、6-8鄰）、景新、景勤、三張、三犁、景聯,6信義區松仁路158巷1號。,TEL:27236771FAX:27255330
信義區,信義國中,323505,基本學區,信義區,泰和,雙和、泰和、六合、惠安、嘉興、中興（1-3、6-8鄰）、景新、景勤、三張、三犁、景聯,6信義區松仁路158巷1號。,TEL:27236771FAX:27255330
信義區,信義國中,323505,基本學區,信義區,六合,雙和、泰和、六合、惠安、嘉興、中興（1-3、6-8鄰）、景新、景勤、三張、三犁、景聯,6信義區松仁路158巷1號。,TEL:27236771FAX:27255330
信義區,信義國中,323505,基本學區,信義區,惠安,雙和、泰和、六合、惠安、嘉興、中興（1-3、6-8鄰）、景新、景勤、三張、三犁、景聯,6信義區松仁路158巷1號。,TEL:27236771FAX:27255330
信義區,信義國中,323505,基本學區,信義區,嘉興,雙和、泰和、六合、惠安、嘉興、中興（1-3、6-8鄰）、景新、景勤、三張、三犁、景聯,6信義區松仁路158巷1號。,TEL:27236771FAX:27255330
信義區,信義國中,323505,基本學區,信義區,中興（1-3、6-8鄰）,雙和、泰和、六合、惠安、嘉興、中興（1-3、6-8鄰）、景新、景勤、三張、三犁、景聯,6信義區松仁路158巷1號。,TEL:27236771FAX:27255330
信義區,信義國中,323505,基本學區,信義區,景新,雙和、泰和、六合、惠安、嘉興、中興（1-3、6-8鄰）、景新、景勤、三張、三犁、景聯,6信義區松仁路158巷1號。,TEL:27236771FAX:27255330
信義區,信義國中,323505,基本學區,信義區,景勤,雙和、泰和、六合、惠安、嘉興、中興（1-3、6-8鄰）、景新、景勤、三張、三犁、景聯,6信義區松仁路158巷1號。,TEL:27236771FAX:27255330
信義區,信義國中,323505,基本學區,信義區,三張,雙和、泰和、六合、惠安、嘉興、中興（1-3、6-8鄰）、景新、景勤、三張、三犁、景聯,6信義區松仁路158巷1號。,TEL:27236771FAX:27255330
信義區,信義國中,323505,基本學區,信義區,三犁,雙和、泰和、六合、惠安、嘉興、中興（1-3、6-8鄰）、景新、景勤、三張、三犁、景聯,6信義區松仁路158巷1號。,TEL:27236771FAX:27255330
信義區,信義國中,323505,基本學區,信義區,景聯,雙和、泰和、六合、惠安、嘉興、中興（1-3、6-8鄰）、景新、景勤、三張、三犁、景聯,6信義區松仁路158巷1號。,TEL:27236771FAX:27255330
信義區,信義國中,323505,共同學區,信義區,中興（4-5、9-14鄰）,中興（4-5、9-14鄰）:信義、仁愛共同學區,6信義區松仁路158巷1號。,TEL:27236771FAX:27255330
信義區,信義國中,323505,共同學區,信義區,黎順,黎順、黎安、黎忠、黎平（14-24鄰）:芳和、信義共同學區,6信義區松仁路158巷1號。,TEL:27236771FAX:27255330
信義區,信義國中,323505,共同學區,信義區,黎安,黎順、黎安、黎忠、黎平（14-24鄰）:芳和、信義共同學區,6信義區松仁路158巷1號。,TEL:27236771FAX:27255330
信義區,信義國中,323505,共同學區,信義區,黎忠,黎順、黎安、黎忠、黎平（14-24鄰）:芳和、信義共同學區,6信義區松仁路158巷1號。,TEL:27236771FAX:27255330
信義區,信義國中,323505,共同學區,信義區,黎平（14-24鄰）,黎順、黎安、黎忠、黎平（14-24鄰）:芳和、信義共同學區,6信義區松仁路158巷1號。,TEL:27236771FAX:27255330
信義區,信義國中,323505,共同學區,信義區,黎和,黎和、黎孝、芳和（1、2、7-18鄰）:芳和、信義、和平共同學區,6信義區松仁路158巷1號。,TEL:27236771FAX:27255330
信義區,信義國中,323505,共同學區,信義區,黎孝,黎和、黎孝、芳和（1、2、7-18鄰）:芳和、信義、和平共同學區,6信義區松仁路158巷1號。,TEL:27236771FAX:27255330
信義區,信義國中,323505,共同學區,信義區,芳和（1、2、7-18鄰）,黎和、黎孝、芳和（1、2、7-18鄰）:芳和、信義、和平共同學區,6信義區松仁路158巷1號。,TEL:27236771FAX:27255330
大安區,大安國中,333502,基本學區,大安區,住安,住安、義安、通安（4-20鄰）、群英、群賢、龍陣、龍雲、龍圖（7-20鄰）、全安（1-4鄰,大安區大安路2段63號。,TEL:27557131FAX:27541459
大安區,大安國中,333502,基本學區,大安區,義安,住安、義安、通安（4-20鄰）、群英、群賢、龍陣、龍雲、龍圖（7-20鄰）、全安（1-4鄰,大安區大安路2段63號。,TEL:27557131FAX:27541459
大安區,大安國中,333502,基本學區,大安區,通安（4-20鄰）,住安、義安、通安（4-20鄰）、群英、群賢、龍陣、龍雲、龍圖（7-20鄰）、全安（1-4鄰,大安區大安路2段63號。,TEL:27557131FAX:27541459
大安區,大安國中,333502,基本學區,大安區,群英,住安、義安、通安（4-20鄰）、群英、群賢、龍陣、龍雲、龍圖（7-20鄰）、全安（1-4鄰,大安區大安路2段63號。,TEL:27557131FAX:27541459
大安區,大安國中,333502,基本學區,大安區,群賢,住安、義安、通安（4-20鄰）、群英、群賢、龍陣、龍雲、龍圖（7-20鄰）、全安（1-4鄰,大安區大安路2段63號。,TEL:27557131FAX:27541459
大安區,大安國中,333502,基本學區,大安區,龍陣,住安、義安、通安（4-20鄰）、群英、群賢、龍陣、龍雲、龍圖（7-20鄰）、全安（1-4鄰,大安區大安路2段63號。,TEL:27557131FAX:27541459
大安區,大安國中,333502,基本學區,大安區,龍雲,住安、義安、通安（4-20鄰）、群英、群賢、龍陣、龍雲、龍圖（7-20鄰）、全安（1-4鄰,大安區大安路2段63號。,TEL:27557131FAX:27541459
大安區,大安國中,333502,基本學區,大安區,龍圖（7-20鄰）,住安、義安、通安（4-20鄰）、群英、群賢、龍陣、龍雲、龍圖（7-20鄰）、全安（1-4鄰,大安區大安路2段63號。,TEL:27557131FAX:27541459
大安區,大安國中,333502,基本學區,大安區,全安（1-4鄰,住安、義安、通安（4-20鄰）、群英、群賢、龍陣、龍雲、龍圖（7-20鄰）、全安（1-4鄰,大安區大安路2段63號。,TEL:27557131FAX:27541459
大安區,大安國中,333502,共同學區,大安區,全安（5-17鄰）,全安（5-17鄰）:大安、和平共同學區,大安區大安路2段63號。,TEL:27557131FAX:27541459
大安區,大安國中,333502,共同學區,大安區,臨江（1-7鄰）,臨江（1-7鄰）:大安、和平、仁愛共同學區,大安區大安路2段63號。,TEL:27557131FAX:27541459
大安區,大安國中,333502,共同學區,大安區,臨江（8-15鄰）,臨江（8-15鄰）、法治:大安、和平共同學區,大安區大安路2段63號。,TEL:27557131FAX:27541459
大安區,大安國中,333502,共同學區,大安區,法治,臨江（8-15鄰）、法治:大安、和平共同學區,大安區大安路2段63號。,TEL:27557131FAX:27541459
大安區,大安國中,333502,共同學區,大安區,龍生,龍生:龍門、金華、大安共同學區,大安區大安路2段63號。,TEL:27557131FAX:27541459
大安區,大安國中,333502,共同學區,大安區,通化,通化:大安、仁愛共同學區,大安區大安路2段63號。,TEL:27557131FAX:27541459
大安區,仁愛國中,333501,基本學區,大安區,建安,建安、敦安、德安、敦煌、建倫、光信、車層、仁愛（11-23鄰）、通安（1-3鄰,大安區仁愛路4段130號。,TEL:23255823FAX:27541409
大安區,仁愛國中,333501,基本學區,大安區,敦安,建安、敦安、德安、敦煌、建倫、光信、車層、仁愛（11-23鄰）、通安（1-3鄰,大安區仁愛路4段130號。,TEL:23255823FAX:27541409
大安區,仁愛國中,333501,基本學區,大安區,德安,建安、敦安、德安、敦煌、建倫、光信、車層、仁愛（11-23鄰）、通安（1-3鄰,大安區仁愛路4段130號。,TEL:23255823FAX:27541409
大安區,仁愛國中,333501,基本學區,大安區,敦煌,建安、敦安、德安、敦煌、建倫、光信、車層、仁愛（11-23鄰）、通安（1-3鄰,大安區仁愛路4段130號。,TEL:23255823FAX:27541409
大安區,仁愛國中,333501,基本學區,大安區,建倫,建安、敦安、德安、敦煌、建倫、光信、車層、仁愛（11-23鄰）、通安（1-3鄰,大安區仁愛路4段130號。,TEL:23255823FAX:27541409
大安區,仁愛國中,333501,基本學區,大安區,光信,建安、敦安、德安、敦煌、建倫、光信、車層、仁愛（11-23鄰）、通安（1-3鄰,大安區仁愛路4段130號。,TEL:23255823FAX:27541409
大安區,仁愛國中,333501,基本學區,大安區,車層,建安、敦安、德安、敦煌、建倫、光信、車層、仁愛（11-23鄰）、通安（1-3鄰,大安區仁愛路4段130號。,TEL:23255823FAX:27541409
大安區,仁愛國中,333501,基本學區,大安區,仁愛（11-23鄰）,建安、敦安、德安、敦煌、建倫、光信、車層、仁愛（11-23鄰）、通安（1-3鄰,大安區仁愛路4段130號。,TEL:23255823FAX:27541409
大安區,仁愛國中,333501,基本學區,大安區,通安（1-3鄰,建安、敦安、德安、敦煌、建倫、光信、車層、仁愛（11-23鄰）、通安（1-3鄰,大安區仁愛路4段130號。,TEL:23255823FAX:27541409
大安區,仁愛國中,333501,共同學區,大安區,正聲,正聲、華聲:興雅、懷生、仁愛共同學區,大安區仁愛路4段130號。,TEL:23255823FAX:27541409
大安區,仁愛國中,333501,共同學區,大安區,華聲,正聲、華聲:興雅、懷生、仁愛共同學區,大安區仁愛路4段130號。,TEL:23255823FAX:27541409
大安區,仁愛國中,333501,共同學區,大安區,仁愛（1-10鄰）,仁愛（1-10鄰）、光武:懷生、仁愛共同學區,大安區仁愛路4段130號。,TEL:23255823FAX:27541409
大安區,仁愛國中,333501,共同學區,大安區,光武,仁愛（1-10鄰）、光武:懷生、仁愛共同學區,大安區仁愛路4段130號。,TEL:23255823FAX:27541409
大安區,仁愛國中,333501,共同學區,大安區,通化,通化:大安、仁愛共同學區,大安區仁愛路4段130號。,TEL:23255823FAX:27541409
大安區,仁愛國中,333501,共同學區,大安區,臨江（1-7鄰）,臨江（1-7鄰）:大安、和平、仁愛共同學區,大安區仁愛路4段130號。,TEL:23255823FAX:27541409
大安區,仁愛國中,333501,基本學區,信義區,正和,正和,大安區仁愛路4段130號。,TEL:23255823FAX:27541409
大安區,仁愛國中,333501,共同學區,信義區,西村,西村、興隆:興雅、仁愛共同學區,大安區仁愛路4段130號。,TEL:23255823FAX:27541409
大安區,仁愛國中,333501,共同學區,信義區,興隆,西村、興隆:興雅、仁愛共同學區,大安區仁愛路4段130號。,TEL:23255823FAX:27541409
大安區,仁愛國中,333501,共同學區,信義區,中興（4-5、9-14鄰）,中興（4-5、9-14鄰）:信義、仁愛共同學區,大安區仁愛路4段130號。,TEL:23255823FAX:27541409
大安區,懷生國中,333506,基本學區,中正區,梅花（1、4-15鄰）,梅花（1、4-15鄰）、幸市、幸福（9-19鄰,大安區忠孝東路3段248巷30號。,TEL:27215078FAX:27815061
大安區,懷生國中,333506,基本學區,中正區,幸市,梅花（1、4-15鄰）、幸市、幸福（9-19鄰,大安區忠孝東路3段248巷30號。,TEL:27215078FAX:27815061
大安區,懷生國中,333506,基本學區,中正區,幸福（9-19鄰,梅花（1、4-15鄰）、幸市、幸福（9-19鄰,大安區忠孝東路3段248巷30號。,TEL:27215078FAX:27815061
大安區,懷生國中,333506,共同學區,中正區,梅花（2-3鄰）,梅花（2-3鄰）:懷生、建成共同學區,大安區忠孝東路3段248巷30號。,TEL:27215078FAX:27815061
大安區,懷生國中,333506,共同學區,中正區,文北,文北:懷生、弘道及中正國中共同學區,大安區忠孝東路3段248巷30號。,TEL:27215078FAX:27815061
大安區,懷生國中,333506,共同學區,中山區,埤頭,埤頭:懷生、長安共同學區,大安區忠孝東路3段248巷30號。,TEL:27215078FAX:27815061
大安區,懷生國中,333506,基本學區,大安區,誠安,誠安、民輝、昌隆、義村、民炤（1、18-24鄰,大安區忠孝東路3段248巷30號。,TEL:27215078FAX:27815061
大安區,懷生國中,333506,基本學區,大安區,民輝,誠安、民輝、昌隆、義村、民炤（1、18-24鄰,大安區忠孝東路3段248巷30號。,TEL:27215078FAX:27815061
大安區,懷生國中,333506,基本學區,大安區,昌隆,誠安、民輝、昌隆、義村、民炤（1、18-24鄰,大安區忠孝東路3段248巷30號。,TEL:27215078FAX:27815061
大安區,懷生國中,333506,基本學區,大安區,義村,誠安、民輝、昌隆、義村、民炤（1、18-24鄰,大安區忠孝東路3段248巷30號。,TEL:27215078FAX:27815061
大安區,懷生國中,333506,基本學區,大安區,民炤（1、18-24鄰,誠安、民輝、昌隆、義村、民炤（1、18-24鄰,大安區忠孝東路3段248巷30號。,TEL:27215078FAX:27815061
大安區,懷生國中,333506,共同學區,大安區,正聲,正聲、華聲:興雅、懷生、仁愛共同學區,大安區忠孝東路3段248巷30號。,TEL:27215078FAX:27815061
大安區,懷生國中,333506,共同學區,大安區,華聲,正聲、華聲:興雅、懷生、仁愛共同學區,大安區忠孝東路3段248巷30號。,TEL:27215078FAX:27815061
大安區,懷生國中,333506,共同學區,大安區,仁愛（1-10鄰）,仁愛（1-10鄰）、光武:懷生、仁愛共同學區,大安區忠孝東路3段248巷30號。,TEL:27215078FAX:27815061
大安區,懷生國中,333506,共同學區,大安區,光武,仁愛（1-10鄰）、光武:懷生、仁愛共同學區,大安區忠孝東路3段248巷30號。,TEL:27215078FAX:27815061
大安區,和平高中國中部,333301,基本學區,大安區,虎嘯,虎嘯、臥龍（1-4鄰）、芳和（3-5、19-21鄰,大安區臥龍街100號。,TEL:27324300FAX:27325308
大安區,和平高中國中部,333301,基本學區,大安區,臥龍（1-4鄰）,虎嘯、臥龍（1-4鄰）、芳和（3-5、19-21鄰,大安區臥龍街100號。,TEL:27324300FAX:27325308
大安區,和平高中國中部,333301,基本學區,大安區,芳和（3-5、19-21鄰,虎嘯、臥龍（1-4鄰）、芳和（3-5、19-21鄰,大安區臥龍街100號。,TEL:27324300FAX:27325308
大安區,和平高中國中部,333301,共同學區,大安區,臥龍（5-8鄰）,臥龍（5-8鄰）:龍門、和平共同學區,大安區臥龍街100號。,TEL:27324300FAX:27325308
大安區,和平高中國中部,333301,共同學區,大安區,臨江（1-7鄰）,臨江（1-7鄰）:大安、和平、仁愛共同學區,大安區臥龍街100號。,TEL:27324300FAX:27325308
大安區,和平高中國中部,333301,共同學區,大安區,全安（5-17鄰）,全安（5-17鄰）、法治、臨江（8-15鄰）:大安、和平共同學區,大安區臥龍街100號。,TEL:27324300FAX:27325308
大安區,和平高中國中部,333301,共同學區,大安區,法治,全安（5-17鄰）、法治、臨江（8-15鄰）:大安、和平共同學區,大安區臥龍街100號。,TEL:27324300FAX:27325308
大安區,和平高中國中部,333301,共同學區,大安區,臨江（8-15鄰）,全安（5-17鄰）、法治、臨江（8-15鄰）:大安、和平共同學區,大安區臥龍街100號。,TEL:27324300FAX:27325308
大安區,和平高中國中部,333301,共同學區,大安區,龍淵,龍淵:龍門、和平、金華、民族共同學區,大安區臥龍街100號。,TEL:27324300FAX:27325308
大安區,和平高中國中部,333301,共同學區,大安區,黎元,黎元、芳和（6鄰）:芳和、和平共同學區,大安區臥龍街100號。,TEL:27324300FAX:27325308
大安區,和平高中國中部,333301,共同學區,大安區,芳和（6鄰）,黎元、芳和（6鄰）:芳和、和平共同學區,大安區臥龍街100號。,TEL:27324300FAX:27325308
大安區,和平高中國中部,333301,共同學區,大安區,黎和,黎和、黎孝、芳和（1、2、7-18鄰）:芳和、信義、和平共同學區,大安區臥龍街100號。,TEL:27324300FAX:27325308
大安區,和平高中國中部,333301,共同學區,大安區,黎孝,黎和、黎孝、芳和（1、2、7-18鄰）:芳和、信義、和平共同學區,大安區臥龍街100號。,TEL:27324300FAX:27325308
大安區,和平高中國中部,333301,共同學區,大安區,芳和（1、2、7-18鄰）,黎和、黎孝、芳和（1、2、7-18鄰）:芳和、信義、和平共同學區,大安區臥龍街100號。,TEL:27324300FAX:27325308
大安區,和平高中國中部,333301,共同學區,大安區,學府（1-5、16、17鄰）,學府:（1-5、16、17鄰）和平、民族共同學區9.學府:（6-15鄰）民族、芳和、和平共同學區,大安區臥龍街100號。,TEL:27324300FAX:27325308
大安區,和平高中國中部,333301,基本學區,信義區,黎平（1-13鄰,黎平（1-13鄰,大安區臥龍街100號。,TEL:27324300FAX:27325308
大安區,金華國中,333505,基本學區,大安區,永康,永康、福住、龍安、錦安、龍圖（1-6鄰）、民炤（2-17鄰,大安區新生南路2段32號。,TEL:33931799FAX:33931780
大安區,金華國中,333505,基本學區,大安區,福住,永康、福住、龍安、錦安、龍圖（1-6鄰）、民炤（2-17鄰,大安區新生南路2段32號。,TEL:33931799FAX:33931780
大安區,金華國中,333505,基本學區,大安區,龍安,永康、福住、龍安、錦安、龍圖（1-6鄰）、民炤（2-17鄰,大安區新生南路2段32號。,TEL:33931799FAX:33931780
大安區,金華國中,333505,基本學區,大安區,錦安,永康、福住、龍安、錦安、龍圖（1-6鄰）、民炤（2-17鄰,大安區新生南路2段32號。,TEL:33931799FAX:33931780
大安區,金華國中,333505,基本學區,大安區,龍圖（1-6鄰）,永康、福住、龍安、錦安、龍圖（1-6鄰）、民炤（2-17鄰,大安區新生南路2段32號。,TEL:33931799FAX:33931780
大安區,金華國中,333505,基本學區,大安區,民炤（2-17鄰,永康、福住、龍安、錦安、龍圖（1-6鄰）、民炤（2-17鄰,大安區新生南路2段32號。,TEL:33931799FAX:33931780
大安區,金華國中,333505,共同學區,大安區,龍坡,龍坡:龍門、金華、民族共同學區,大安區新生南路2段32號。,TEL:33931799FAX:33931780
大安區,金華國中,333505,共同學區,大安區,龍泉,龍泉:金華、民族、龍門共同學區,大安區新生南路2段32號。,TEL:33931799FAX:33931780
大安區,金華國中,333505,共同學區,大安區,古風,古風、古莊:金華、民族、螢橋共同學區,大安區新生南路2段32號。,TEL:33931799FAX:33931780
大安區,金華國中,333505,共同學區,大安區,古莊,古風、古莊:金華、民族、螢橋共同學區,大安區新生南路2段32號。,TEL:33931799FAX:33931780
大安區,金華國中,333505,共同學區,大安區,龍淵,龍淵:龍門、和平、金華、民族共同學區,大安區新生南路2段32號。,TEL:33931799FAX:33931780
大安區,金華國中,333505,共同學區,大安區,新龍,新龍:龍門、金華共同學區,大安區新生南路2段32號。,TEL:33931799FAX:33931780
大安區,金華國中,333505,共同學區,大安區,龍生,龍生:龍門、金華、大安共同學區,大安區新生南路2段32號。,TEL:33931799FAX:33931780
大安區,金華國中,333505,基本學區,中正區,三愛,三愛,大安區新生南路2段32號。,TEL:33931799FAX:33931780
大安區,芳和實驗國中,333504,共同學區,大安區,黎元,黎元、芳和（6鄰）:芳和、和平共同學區,大安區臥龍街170號。,TEL:27321961FAX:27339859
大安區,芳和實驗國中,333504,共同學區,大安區,芳和（6鄰）,黎元、芳和（6鄰）:芳和、和平共同學區,大安區臥龍街170號。,TEL:27321961FAX:27339859
大安區,芳和實驗國中,333504,共同學區,大安區,黎和,黎和、黎孝、芳和（1、2、7-18鄰）:芳和、信義、和平共同學區,大安區臥龍街170號。,TEL:27321961FAX:27339859
大安區,芳和實驗國中,333504,共同學區,大安區,黎孝,黎和、黎孝、芳和（1、2、7-18鄰）:芳和、信義、和平共同學區,大安區臥龍街170號。,TEL:27321961FAX:27339859
大安區,芳和實驗國中,333504,共同學區,大安區,芳和（1、2、7-18鄰）,黎和、黎孝、芳和（1、2、7-18鄰）:芳和、信義、和平共同學區,大安區臥龍街170號。,TEL:27321961FAX:27339859
大安區,芳和實驗國中,333504,共同學區,大安區,學府（6-15鄰）,學府（6-15鄰）:芳和、民族、和平共同學區,大安區臥龍街170號。,TEL:27321961FAX:27339859
大安區,芳和實驗國中,333504,共同學區,信義區,黎安,黎安、黎忠、黎平（14-24鄰）、黎順:芳和、信義共同學區,大安區臥龍街170號。,TEL:27321961FAX:27339859
大安區,芳和實驗國中,333504,共同學區,信義區,黎忠,黎安、黎忠、黎平（14-24鄰）、黎順:芳和、信義共同學區,大安區臥龍街170號。,TEL:27321961FAX:27339859
大安區,芳和實驗國中,333504,共同學區,信義區,黎平（14-24鄰）,黎安、黎忠、黎平（14-24鄰）、黎順:芳和、信義共同學區,大安區臥龍街170號。,TEL:27321961FAX:27339859
大安區,芳和實驗國中,333504,共同學區,信義區,黎順,黎安、黎忠、黎平（14-24鄰）、黎順:芳和、信義共同學區,大安區臥龍街170號。,TEL:27321961FAX:27339859
大安區,龍門國中,33350,基本學區,大安區,龍門,龍門,大安區建國南路2段269號,TEL:27330299FAX:87328163
大安區,龍門國中,33350,共同學區,大安區,龍坡,龍坡:龍門、金華、民族共同學區,大安區建國南路2段269號,TEL:27330299FAX:87328163
大安區,龍門國中,33350,共同學區,大安區,龍生,龍生:龍門、金華、大安共同學區,大安區建國南路2段269號,TEL:27330299FAX:87328163
大安區,龍門國中,33350,共同學區,大安區,新龍,新龍:龍門、金華共同學區,大安區建國南路2段269號,TEL:27330299FAX:87328163
大安區,龍門國中,33350,共同學區,大安區,大學,大學:龍門、民族共同學區,大安區建國南路2段269號,TEL:27330299FAX:87328163
大安區,龍門國中,33350,共同學區,大安區,臥龍（5-8鄰）,臥龍（5-8鄰）:龍門、和平共同學區,大安區建國南路2段269號,TEL:27330299FAX:87328163
大安區,龍門國中,33350,共同學區,大安區,龍淵,龍淵:龍門、金華、和平、民族共同學區,大安區建國南路2段269號,TEL:27330299FAX:87328163
大安區,龍門國中,33350,共同學區,大安區,龍泉,龍泉:金華、民族、龍門共同學區,大安區建國南路2段269號,TEL:27330299FAX:87328163
大安區,民族實驗國中,333507,共同學區,中正區,水源,水源:民族、螢橋共同學區2.文盛（5-10鄰）:民族、螢橋共同學區3.富水（1-5鄰）民族、螢橋共同學區,大安區羅斯福路4段113巷13號。,TEL:27322935FAX:27325408
大安區,民族實驗國中,333507,共同學區,文山區,萬年里,萬年里:民族、興福、景興共同學區,大安區羅斯福路4段113巷13號。,TEL:27322935FAX:27325408
大安區,民族實驗國中,333507,共同學區,文山區,萬和（1-8鄰）,萬和（1-8鄰）:民族、景興共同學區,大安區羅斯福路4段113巷13號。,TEL:27322935FAX:27325408
大安區,民族實驗國中,333507,共同學區,文山區,萬盛里,萬盛里:民族、興福、景興共同學區,大安區羅斯福路4段113巷13號。,TEL:27322935FAX:27325408
大安區,民族實驗國中,333507,共同學區,大安區,古風,古風、古莊:金華、民族、螢橋共同學區,大安區羅斯福路4段113巷13號。,TEL:27322935FAX:27325408
大安區,民族實驗國中,333507,共同學區,大安區,古莊,古風、古莊:金華、民族、螢橋共同學區,大安區羅斯福路4段113巷13號。,TEL:27322935FAX:27325408
大安區,民族實驗國中,333507,共同學區,大安區,龍泉,龍泉:金華、民族、龍門共同學區,大安區羅斯福路4段113巷13號。,TEL:27322935FAX:27325408
大安區,民族實驗國中,333507,共同學區,大安區,學府（6-15鄰）,學府（6-15鄰）:芳和、民族、和平共同學區,大安區羅斯福路4段113巷13號。,TEL:27322935FAX:27325408
大安區,民族實驗國中,333507,共同學區,大安區,學府（1-5、16、17鄰）,學府（1-5、16、17鄰）:民族、和平共同學區5.大學:龍門、民族共同學區,大安區羅斯福路4段113巷13號。,TEL:27322935FAX:27325408
大安區,民族實驗國中,333507,共同學區,大安區,龍淵,龍淵:龍門、金華、和平、民族共同學區,大安區羅斯福路4段113巷13號。,TEL:27322935FAX:27325408
大安區,民族實驗國中,333507,共同學區,大安區,龍坡,龍坡:龍門、金華、民族共同學區,大安區羅斯福路4段113巷13號。,TEL:27322935FAX:27325408
大安區,師大附中國中部,330301,基本學區,大安區,和安,和安、仁慈,大安區信義路3段143號。,TEL:27075215FAX:27027490
大安區,師大附中國中部,330301,基本學區,大安區,仁慈,和安、仁慈,大安區信義路3段143號。,TEL:27075215FAX:27027490
中正區,中正國中,353505,基本學區,大安區,光明,光明、錦泰、錦華,中正區愛國東路158號。,TEL:23916697FAX:23568475
中正區,中正國中,353505,基本學區,大安區,錦泰,光明、錦泰、錦華,中正區愛國東路158號。,TEL:23916697FAX:23568475
中正區,中正國中,353505,基本學區,大安區,錦華,光明、錦泰、錦華,中正區愛國東路158號。,TEL:23916697FAX:23568475
中正區,中正國中,353505,共同學區,中正區,文北,文北:懷生、弘道及中正國中共同學區,中正區愛國東路158號。,TEL:23916697FAX:23568475
中正區,中正國中,353505,基本學區,中正區,新營,新營、文祥、南福（1-13、19-29鄰,中正區愛國東路158號。,TEL:23916697FAX:23568475
中正區,中正國中,353505,基本學區,中正區,文祥,新營、文祥、南福（1-13、19-29鄰,中正區愛國東路158號。,TEL:23916697FAX:23568475
中正區,中正國中,353505,基本學區,中正區,南福（1-13、19-29鄰,新營、文祥、南福（1-13、19-29鄰,中正區愛國東路158號。,TEL:23916697FAX:23568475
中正區,螢橋國中,353501,基本學區,中正區,板溪,板溪、網溪、螢圃,中正區汀洲路3段4號。,TEL:23688749FAX:23675720
中正區,螢橋國中,353501,基本學區,中正區,網溪,板溪、網溪、螢圃,中正區汀洲路3段4號。,TEL:23688749FAX:23675720
中正區,螢橋國中,353501,基本學區,中正區,螢圃,板溪、網溪、螢圃,中正區汀洲路3段4號。,TEL:23688749FAX:23675720
中正區,螢橋國中,353501,共同學區,中正區,林興,林興、河堤、頂東3.富水（1-5鄰）民族、螢橋共同學區4.富水（6-12鄰）螢橋5.水源:民族、螢橋共同學區6.文盛（1-4鄰）:螢橋7.文盛（5-10鄰）:民族、螢橋共同學區,中正區汀洲路3段4號。,TEL:23688749FAX:23675720
中正區,螢橋國中,353501,共同學區,中正區,河堤,林興、河堤、頂東3.富水（1-5鄰）民族、螢橋共同學區4.富水（6-12鄰）螢橋5.水源:民族、螢橋共同學區6.文盛（1-4鄰）:螢橋7.文盛（5-10鄰）:民族、螢橋共同學區,中正區汀洲路3段4號。,TEL:23688749FAX:23675720
中正區,螢橋國中,353501,共同學區,中正區,頂東3.富水（1-5鄰）,林興、河堤、頂東3.富水（1-5鄰）民族、螢橋共同學區4.富水（6-12鄰）螢橋5.水源:民族、螢橋共同學區6.文盛（1-4鄰）:螢橋7.文盛（5-10鄰）:民族、螢橋共同學區,中正區汀洲路3段4號。,TEL:23688749FAX:23675720
中正區,螢橋國中,353501,共同學區,中正區,螢橋4.富水（6-12鄰）,林興、河堤、頂東3.富水（1-5鄰）民族、螢橋共同學區4.富水（6-12鄰）螢橋5.水源:民族、螢橋共同學區6.文盛（1-4鄰）:螢橋7.文盛（5-10鄰）:民族、螢橋共同學區,中正區汀洲路3段4號。,TEL:23688749FAX:23675720
中正區,螢橋國中,353501,共同學區,大安區,古風,古風、古莊:金華、民族、螢橋共同學區,中正區汀洲路3段4號。,TEL:23688749FAX:23675720
中正區,螢橋國中,353501,共同學區,大安區,古莊,古風、古莊:金華、民族、螢橋共同學區,中正區汀洲路3段4號。,TEL:23688749FAX:23675720
中正區,古亭國中,353502,基本學區,中正區,永昌,永昌、螢雪、永功（1-17鄰、23鄰）、忠勤,中正區中華路2段465號。,TEL:23090986FAX:23072786
中正區,古亭國中,353502,基本學區,中正區,螢雪,永昌、螢雪、永功（1-17鄰、23鄰）、忠勤,中正區中華路2段465號。,TEL:23090986FAX:23072786
中正區,古亭國中,353502,基本學區,中正區,永功（1-17鄰、23鄰）,永昌、螢雪、永功（1-17鄰、23鄰）、忠勤,中正區中華路2段465號。,TEL:23090986FAX:23072786
中正區,古亭國中,353502,基本學區,中正區,忠勤,永昌、螢雪、永功（1-17鄰、23鄰）、忠勤,中正區中華路2段465號。,TEL:23090986FAX:23072786
中正區,古亭國中,353502,共同學區,中正區,龍興（7-11、15、17鄰）,龍興（7-11、15、17鄰）:古亭、南門共同學區,中正區中華路2段465號。,TEL:23090986FAX:23072786
中正區,古亭國中,353502,基本學區,萬華區,凌霄,凌霄、騰雲,中正區中華路2段465號。,TEL:23090986FAX:23072786
中正區,古亭國中,353502,基本學區,萬華區,騰雲,凌霄、騰雲,中正區中華路2段465號。,TEL:23090986FAX:23072786
中正區,古亭國中,353502,共同學區,萬華區,新和,新和、日祥:萬華、雙園、龍山、古亭共同學區,中正區中華路2段465號。,TEL:23090986FAX:23072786
中正區,古亭國中,353502,共同學區,萬華區,日祥,新和、日祥:萬華、雙園、龍山、古亭共同學區,中正區中華路2段465號。,TEL:23090986FAX:23072786
中正區,南門國中,353503,基本學區,中正區,南門,南門、愛國、龍光、龍興（1-6、12-14、16鄰）、南福（14-18鄰）、永功（18-22、24鄰）、廈安,中正區廣州街6號。,TEL:23142775FAX:23819400
中正區,南門國中,353503,基本學區,中正區,愛國,南門、愛國、龍光、龍興（1-6、12-14、16鄰）、南福（14-18鄰）、永功（18-22、24鄰）、廈安,中正區廣州街6號。,TEL:23142775FAX:23819400
中正區,南門國中,353503,基本學區,中正區,龍光,南門、愛國、龍光、龍興（1-6、12-14、16鄰）、南福（14-18鄰）、永功（18-22、24鄰）、廈安,中正區廣州街6號。,TEL:23142775FAX:23819400
中正區,南門國中,353503,基本學區,中正區,龍興（1-6、12-14、16鄰）,南門、愛國、龍光、龍興（1-6、12-14、16鄰）、南福（14-18鄰）、永功（18-22、24鄰）、廈安,中正區廣州街6號。,TEL:23142775FAX:23819400
中正區,南門國中,353503,基本學區,中正區,南福（14-18鄰）,南門、愛國、龍光、龍興（1-6、12-14、16鄰）、南福（14-18鄰）、永功（18-22、24鄰）、廈安,中正區廣州街6號。,TEL:23142775FAX:23819400
中正區,南門國中,353503,基本學區,中正區,永功（18-22、24鄰）,南門、愛國、龍光、龍興（1-6、12-14、16鄰）、南福（14-18鄰）、永功（18-22、24鄰）、廈安,中正區廣州街6號。,TEL:23142775FAX:23819400
中正區,南門國中,353503,基本學區,中正區,廈安,南門、愛國、龍光、龍興（1-6、12-14、16鄰）、南福（14-18鄰）、永功（18-22、24鄰）、廈安,中正區廣州街6號。,TEL:23142775FAX:23819400
中正區,南門國中,353503,共同學區,中正區,龍興（7-11、15、17鄰）,龍興（7-11、15、17鄰）:古亭、南門共同學區,中正區廣州街6號。,TEL:23142775FAX:23819400
中正區,南門國中,353503,共同學區,中正區,龍福（19-21鄰）,龍福（19-21鄰）:南門、弘道共同學區,中正區廣州街6號。,TEL:23142775FAX:23819400
中正區,弘道國中,353504,基本學區,中正區,光復,光復、建國、黎明、東門、龍福（1-18鄰）、幸福（1-8鄰,中正區公園路21號。,TEL:23715520FAX:23719399
中正區,弘道國中,353504,基本學區,中正區,建國,光復、建國、黎明、東門、龍福（1-18鄰）、幸福（1-8鄰,中正區公園路21號。,TEL:23715520FAX:23719399
中正區,弘道國中,353504,基本學區,中正區,黎明,光復、建國、黎明、東門、龍福（1-18鄰）、幸福（1-8鄰,中正區公園路21號。,TEL:23715520FAX:23719399
中正區,弘道國中,353504,基本學區,中正區,東門,光復、建國、黎明、東門、龍福（1-18鄰）、幸福（1-8鄰,中正區公園路21號。,TEL:23715520FAX:23719399
中正區,弘道國中,353504,基本學區,中正區,龍福（1-18鄰）,光復、建國、黎明、東門、龍福（1-18鄰）、幸福（1-8鄰,中正區公園路21號。,TEL:23715520FAX:23719399
中正區,弘道國中,353504,基本學區,中正區,幸福（1-8鄰,光復、建國、黎明、東門、龍福（1-18鄰）、幸福（1-8鄰,中正區公園路21號。,TEL:23715520FAX:23719399
中正區,弘道國中,353504,共同學區,中正區,文北,文北:懷生、弘道及中正國中共同學區,中正區公園路21號。,TEL:23715520FAX:23719399
中正區,弘道國中,353504,共同學區,中正區,龍福（19-21鄰）,龍福（19-21鄰）:南門、弘道共同學區,中正區公園路21號。,TEL:23715520FAX:23719399
萬華區,萬華國中,373501,基本學區,萬華區,壽德,壽德、忠德、保德、興德、日善、全德,萬華區西藏路201號。,TEL:23394567FAX:23010005
萬華區,萬華國中,373501,基本學區,萬華區,忠德,壽德、忠德、保德、興德、日善、全德,萬華區西藏路201號。,TEL:23394567FAX:23010005
萬華區,萬華國中,373501,基本學區,萬華區,保德,壽德、忠德、保德、興德、日善、全德,萬華區西藏路201號。,TEL:23394567FAX:23010005
萬華區,萬華國中,373501,基本學區,萬華區,興德,壽德、忠德、保德、興德、日善、全德,萬華區西藏路201號。,TEL:23394567FAX:23010005
萬華區,萬華國中,373501,基本學區,萬華區,日善,壽德、忠德、保德、興德、日善、全德,萬華區西藏路201號。,TEL:23394567FAX:23010005
萬華區,萬華國中,373501,基本學區,萬華區,全德,壽德、忠德、保德、興德、日善、全德,萬華區西藏路201號。,TEL:23394567FAX:23010005
萬華區,萬華國中,373501,共同學區,萬華區,頂碩,頂碩、新忠、新安、忠貞、雙園:萬華、雙園、龍山共同學區,萬華區西藏路201號。,TEL:23394567FAX:23010005
萬華區,萬華國中,373501,共同學區,萬華區,新忠,頂碩、新忠、新安、忠貞、雙園:萬華、雙園、龍山共同學區,萬華區西藏路201號。,TEL:23394567FAX:23010005
萬華區,萬華國中,373501,共同學區,萬華區,新安,頂碩、新忠、新安、忠貞、雙園:萬華、雙園、龍山共同學區,萬華區西藏路201號。,TEL:23394567FAX:23010005
萬華區,萬華國中,373501,共同學區,萬華區,忠貞,頂碩、新忠、新安、忠貞、雙園:萬華、雙園、龍山共同學區,萬華區西藏路201號。,TEL:23394567FAX:23010005
萬華區,萬華國中,373501,共同學區,萬華區,雙園,頂碩、新忠、新安、忠貞、雙園:萬華、雙園、龍山共同學區,萬華區西藏路201號。,TEL:23394567FAX:23010005
萬華區,萬華國中,373501,共同學區,萬華區,新和,新和、日祥:萬華、雙園、龍山、古亭共同學區,萬華區西藏路201號。,TEL:23394567FAX:23010005
萬華區,萬華國中,373501,共同學區,萬華區,日祥,新和、日祥:萬華、雙園、龍山、古亭共同學區,萬華區西藏路201號。,TEL:23394567FAX:23010005
萬華區,萬華國中,373501,共同學區,萬華區,華中里,華中里:萬華、雙園共同學區,萬華區西藏路201號。,TEL:23394567FAX:23010005
萬華區,雙園國中,373503,基本學區,萬華區,孝德,孝德、銘德、和德、錦德、和平、榮德,萬華區興義街2號。,TEL:23030827FAX:23092941
萬華區,雙園國中,373503,基本學區,萬華區,銘德,孝德、銘德、和德、錦德、和平、榮德,萬華區興義街2號。,TEL:23030827FAX:23092941
萬華區,雙園國中,373503,基本學區,萬華區,和德,孝德、銘德、和德、錦德、和平、榮德,萬華區興義街2號。,TEL:23030827FAX:23092941
萬華區,雙園國中,373503,基本學區,萬華區,錦德,孝德、銘德、和德、錦德、和平、榮德,萬華區興義街2號。,TEL:23030827FAX:23092941
萬華區,雙園國中,373503,基本學區,萬華區,和平,孝德、銘德、和德、錦德、和平、榮德,萬華區興義街2號。,TEL:23030827FAX:23092941
萬華區,雙園國中,373503,基本學區,萬華區,榮德,孝德、銘德、和德、錦德、和平、榮德,萬華區興義街2號。,TEL:23030827FAX:23092941
萬華區,雙園國中,373503,共同學區,萬華區,頂碩,頂碩、新忠、新安、忠貞、雙園:萬華、雙園、龍山共同學區,萬華區興義街2號。,TEL:23030827FAX:23092941
萬華區,雙園國中,373503,共同學區,萬華區,新忠,頂碩、新忠、新安、忠貞、雙園:萬華、雙園、龍山共同學區,萬華區興義街2號。,TEL:23030827FAX:23092941
萬華區,雙園國中,373503,共同學區,萬華區,新安,頂碩、新忠、新安、忠貞、雙園:萬華、雙園、龍山共同學區,萬華區興義街2號。,TEL:23030827FAX:23092941
萬華區,雙園國中,373503,共同學區,萬華區,忠貞,頂碩、新忠、新安、忠貞、雙園:萬華、雙園、龍山共同學區,萬華區興義街2號。,TEL:23030827FAX:23092941
萬華區,雙園國中,373503,共同學區,萬華區,雙園,頂碩、新忠、新安、忠貞、雙園:萬華、雙園、龍山共同學區,萬華區興義街2號。,TEL:23030827FAX:23092941
萬華區,雙園國中,373503,共同學區,萬華區,新和,新和、日祥:萬華、雙園、龍山、古亭共同學區,萬華區興義街2號。,TEL:23030827FAX:23092941
萬華區,雙園國中,373503,共同學區,萬華區,日祥,新和、日祥:萬華、雙園、龍山、古亭共同學區,萬華區興義街2號。,TEL:23030827FAX:23092941
萬華區,雙園國中,373503,共同學區,萬華區,華中里,華中里:萬華、雙園共同學區,萬華區興義街2號。,TEL:23030827FAX:23092941
萬華區,大理高中國中部,373302,基本學區,萬華區,柳鄉,柳鄉、華江、綠堤、糖廍,萬華區長順街2號。,TEL:23026959FAX:23365962
萬華區,大理高中國中部,373302,基本學區,萬華區,華江,柳鄉、華江、綠堤、糖廍,萬華區長順街2號。,TEL:23026959FAX:23365962
萬華區,大理高中國中部,373302,基本學區,萬華區,綠堤,柳鄉、華江、綠堤、糖廍,萬華區長順街2號。,TEL:23026959FAX:23365962
萬華區,大理高中國中部,373302,基本學區,萬華區,糖廍,柳鄉、華江、綠堤、糖廍,萬華區長順街2號。,TEL:23026959FAX:23365962
萬華區,大理高中國中部,373302,共同學區,萬華區,菜園,菜園、青山:大理、龍山共同學區,萬華區長順街2號。,TEL:23026959FAX:23365962
萬華區,大理高中國中部,373302,共同學區,萬華區,青山,菜園、青山:大理、龍山共同學區,萬華區長順街2號。,TEL:23026959FAX:23365962
萬華區,龍山國中,373505,基本學區,萬華區,仁德,仁德、西門、新起、福音、富福、富民,萬華區南寧路46號。,TEL:23362789FAX:23042287
萬華區,龍山國中,373505,基本學區,萬華區,西門,仁德、西門、新起、福音、富福、富民,萬華區南寧路46號。,TEL:23362789FAX:23042287
萬華區,龍山國中,373505,基本學區,萬華區,新起,仁德、西門、新起、福音、富福、富民,萬華區南寧路46號。,TEL:23362789FAX:23042287
萬華區,龍山國中,373505,基本學區,萬華區,福音,仁德、西門、新起、福音、富福、富民,萬華區南寧路46號。,TEL:23362789FAX:23042287
萬華區,龍山國中,373505,基本學區,萬華區,富福,仁德、西門、新起、福音、富福、富民,萬華區南寧路46號。,TEL:23362789FAX:23042287
萬華區,龍山國中,373505,基本學區,萬華區,富民,仁德、西門、新起、福音、富福、富民,萬華區南寧路46號。,TEL:23362789FAX:23042287
萬華區,龍山國中,373505,共同學區,萬華區,菜園,菜園、青山:大理、龍山共同學區,萬華區南寧路46號。,TEL:23362789FAX:23042287
萬華區,龍山國中,373505,共同學區,萬華區,青山,菜園、青山:大理、龍山共同學區,萬華區南寧路46號。,TEL:23362789FAX:23042287
萬華區,龍山國中,373505,共同學區,萬華區,頂碩,頂碩、新忠、新安、忠貞、雙園:萬華、雙園、龍山共同學區,萬華區南寧路46號。,TEL:23362789FAX:23042287
萬華區,龍山國中,373505,共同學區,萬華區,新忠,頂碩、新忠、新安、忠貞、雙園:萬華、雙園、龍山共同學區,萬華區南寧路46號。,TEL:23362789FAX:23042287
萬華區,龍山國中,373505,共同學區,萬華區,新安,頂碩、新忠、新安、忠貞、雙園:萬華、雙園、龍山共同學區,萬華區南寧路46號。,TEL:23362789FAX:23042287
萬華區,龍山國中,373505,共同學區,萬華區,忠貞,頂碩、新忠、新安、忠貞、雙園:萬華、雙園、龍山共同學區,萬華區南寧路46號。,TEL:23362789FAX:23042287
萬華區,龍山國中,373505,共同學區,萬華區,雙園,頂碩、新忠、新安、忠貞、雙園:萬華、雙園、龍山共同學區,萬華區南寧路46號。,TEL:23362789FAX:23042287
萬華區,龍山國中,373505,共同學區,萬華區,新和,新和、日祥:萬華、雙園、龍山、古亭共同學區,萬華區南寧路46號。,TEL:23362789FAX:23042287
萬華區,龍山國中,373505,共同學區,萬華區,日祥,新和、日祥:萬華、雙園、龍山、古亭共同學區,萬華區南寧路46號。,TEL:23362789FAX:23042287
大同區,建成國中,363501,基本學區,大同區,建功（1-7、9-15、17-22鄰）,建功（1-7、9-15、17-22鄰）、建明、建泰、星明（1、2、4-7、10、11、13、14、16、18、21鄰,大同區長安西路37之1號。,TEL:25587042FAX:25500371
大同區,建成國中,363501,基本學區,大同區,建明,建功（1-7、9-15、17-22鄰）、建明、建泰、星明（1、2、4-7、10、11、13、14、16、18、21鄰,大同區長安西路37之1號。,TEL:25587042FAX:25500371
大同區,建成國中,363501,基本學區,大同區,建泰,建功（1-7、9-15、17-22鄰）、建明、建泰、星明（1、2、4-7、10、11、13、14、16、18、21鄰,大同區長安西路37之1號。,TEL:25587042FAX:25500371
大同區,建成國中,363501,基本學區,大同區,星明（1、2、4-7、10、11、13、14、16、18、21鄰,建功（1-7、9-15、17-22鄰）、建明、建泰、星明（1、2、4-7、10、11、13、14、16、18、21鄰,大同區長安西路37之1號。,TEL:25587042FAX:25500371
大同區,建成國中,363501,共同學區,大同區,朝陽（3鄰）,朝陽（3鄰）、建功（8、16鄰）:建成、忠孝共同學區,大同區長安西路37之1號。,TEL:25587042FAX:25500371
大同區,建成國中,363501,共同學區,大同區,建功（8、16鄰）,朝陽（3鄰）、建功（8、16鄰）:建成、忠孝共同學區,大同區長安西路37之1號。,TEL:25587042FAX:25500371
大同區,建成國中,363501,共同學區,中山區,正得,正得、民安（1-15、17-20鄰。民安（16、21鄰）:成淵、建成共同學區,大同區長安西路37之1號。,TEL:25587042FAX:25500371
大同區,建成國中,363501,共同學區,中山區,民安（1-15、17-20鄰。民安（16、21鄰）,正得、民安（1-15、17-20鄰。民安（16、21鄰）:成淵、建成共同學區,大同區長安西路37之1號。,TEL:25587042FAX:25500371
大同區,建成國中,363501,共同學區,中正區,梅花（2-3鄰）,梅花（2-3鄰）:懷生、建成共同學區,大同區長安西路37之1號。,TEL:25587042FAX:25500371
大同區,成淵高中國中部,363302,基本學區,大同區,光能,光能、雙連、星明（3、8-9、12、15、17、19、20鄰）、民權（3、6、10-25鄰,大同區承德路2段235號。,TEL:25531969FAX:25574692
大同區,成淵高中國中部,363302,基本學區,大同區,雙連,光能、雙連、星明（3、8-9、12、15、17、19、20鄰）、民權（3、6、10-25鄰,大同區承德路2段235號。,TEL:25531969FAX:25574692
大同區,成淵高中國中部,363302,基本學區,大同區,星明（3、8-9、12、15、17、19、20鄰）,光能、雙連、星明（3、8-9、12、15、17、19、20鄰）、民權（3、6、10-25鄰,大同區承德路2段235號。,TEL:25531969FAX:25574692
大同區,成淵高中國中部,363302,基本學區,大同區,民權（3、6、10-25鄰,光能、雙連、星明（3、8-9、12、15、17、19、20鄰）、民權（3、6、10-25鄰,大同區承德路2段235號。,TEL:25531969FAX:25574692
大同區,成淵高中國中部,363302,基本學區,中山區,1,1、集英。2、民安（16、21鄰）:成淵、建成共同學,大同區承德路2段235號。,TEL:25531969FAX:25574692
大同區,成淵高中國中部,363302,基本學區,中山區,集英。2,1、集英。2、民安（16、21鄰）:成淵、建成共同學,大同區承德路2段235號。,TEL:25531969FAX:25574692
大同區,成淵高中國中部,363302,基本學區,中山區,民安（16、21鄰）:成淵,1、集英。2、民安（16、21鄰）:成淵、建成共同學,大同區承德路2段235號。,TEL:25531969FAX:25574692
大同區,成淵高中國中部,363302,基本學區,中山區,建成共同學,1、集英。2、民安（16、21鄰）:成淵、建成共同學,大同區承德路2段235號。,TEL:25531969FAX:25574692
大同區,忠孝國中,363502,基本學區,萬華區,萬壽區,萬壽區、。福星,大同區西寧北路32號。,TEL:25524890FAX:25521448
大同區,忠孝國中,363502,基本學區,萬華區,福星,萬壽區、。福星,大同區西寧北路32號。,TEL:25524890FAX:25521448
大同區,忠孝國中,363502,基本學區,大同區,延平,延平、永樂、玉泉、朝陽（1.2.4-17）、大有（4、10-11、13-19鄰,大同區西寧北路32號。,TEL:25524890FAX:25521448
大同區,忠孝國中,363502,基本學區,大同區,永樂,延平、永樂、玉泉、朝陽（1.2.4-17）、大有（4、10-11、13-19鄰,大同區西寧北路32號。,TEL:25524890FAX:25521448
大同區,忠孝國中,363502,基本學區,大同區,玉泉,延平、永樂、玉泉、朝陽（1.2.4-17）、大有（4、10-11、13-19鄰,大同區西寧北路32號。,TEL:25524890FAX:25521448
大同區,忠孝國中,363502,基本學區,大同區,朝陽（1.2.4-17）,延平、永樂、玉泉、朝陽（1.2.4-17）、大有（4、10-11、13-19鄰,大同區西寧北路32號。,TEL:25524890FAX:25521448
大同區,忠孝國中,363502,基本學區,大同區,大有（4、10-11、13-19鄰,延平、永樂、玉泉、朝陽（1.2.4-17）、大有（4、10-11、13-19鄰,大同區西寧北路32號。,TEL:25524890FAX:25521448
大同區,忠孝國中,363502,共同學區,大同區,大有（12鄰）,大有（12鄰）:民權、忠孝共同學區。3建功（8、16鄰）、朝陽（3鄰）:建成忠孝共同學區,大同區西寧北路32號。,TEL:25524890FAX:25521448
大同區,民權國中,363504,基本學區,大同區,景星,景星、蓬萊、隆和、南芳、大有（1-3、5-9鄰）、民權（1、2、4、5、7-9、26鄰,大同區重慶北路3段1號。,TEL:25931951FAX:25863809
大同區,民權國中,363504,基本學區,大同區,蓬萊,景星、蓬萊、隆和、南芳、大有（1-3、5-9鄰）、民權（1、2、4、5、7-9、26鄰,大同區重慶北路3段1號。,TEL:25931951FAX:25863809
大同區,民權國中,363504,基本學區,大同區,隆和,景星、蓬萊、隆和、南芳、大有（1-3、5-9鄰）、民權（1、2、4、5、7-9、26鄰,大同區重慶北路3段1號。,TEL:25931951FAX:25863809
大同區,民權國中,363504,基本學區,大同區,南芳,景星、蓬萊、隆和、南芳、大有（1-3、5-9鄰）、民權（1、2、4、5、7-9、26鄰,大同區重慶北路3段1號。,TEL:25931951FAX:25863809
大同區,民權國中,363504,基本學區,大同區,大有（1-3、5-9鄰）,景星、蓬萊、隆和、南芳、大有（1-3、5-9鄰）、民權（1、2、4、5、7-9、26鄰,大同區重慶北路3段1號。,TEL:25931951FAX:25863809
大同區,民權國中,363504,基本學區,大同區,民權（1、2、4、5、7-9、26鄰,景星、蓬萊、隆和、南芳、大有（1-3、5-9鄰）、民權（1、2、4、5、7-9、26鄰,大同區重慶北路3段1號。,TEL:25931951FAX:25863809
大同區,民權國中,363504,共同學區,大同區,大有（12鄰）,大有（12鄰）:民權、忠孝共同學區,大同區重慶北路3段1號。,TEL:25931951FAX:25863809
大同區,民權國中,363504,共同學區,大同區,國順（12鄰）,國順（12鄰）:民權、蘭州共同學區,大同區重慶北路3段1號。,TEL:25931951FAX:25863809
大同區,蘭州國中,363506,基本學區,大同區,至聖,至聖、國慶、國順（1-11、13-15鄰）、斯文、揚雅、鄰江。老師（1-3、5-11、18-20鄰）、保安（1-2、5、11-13、15鄰,大同區大龍街187巷1號。,TEL:25918269FEX:25850236
大同區,蘭州國中,363506,基本學區,大同區,國慶,至聖、國慶、國順（1-11、13-15鄰）、斯文、揚雅、鄰江。老師（1-3、5-11、18-20鄰）、保安（1-2、5、11-13、15鄰,大同區大龍街187巷1號。,TEL:25918269FEX:25850236
大同區,蘭州國中,363506,基本學區,大同區,國順（1-11、13-15鄰）,至聖、國慶、國順（1-11、13-15鄰）、斯文、揚雅、鄰江。老師（1-3、5-11、18-20鄰）、保安（1-2、5、11-13、15鄰,大同區大龍街187巷1號。,TEL:25918269FEX:25850236
大同區,蘭州國中,363506,基本學區,大同區,斯文,至聖、國慶、國順（1-11、13-15鄰）、斯文、揚雅、鄰江。老師（1-3、5-11、18-20鄰）、保安（1-2、5、11-13、15鄰,大同區大龍街187巷1號。,TEL:25918269FEX:25850236
大同區,蘭州國中,363506,基本學區,大同區,揚雅,至聖、國慶、國順（1-11、13-15鄰）、斯文、揚雅、鄰江。老師（1-3、5-11、18-20鄰）、保安（1-2、5、11-13、15鄰,大同區大龍街187巷1號。,TEL:25918269FEX:25850236
大同區,蘭州國中,363506,基本學區,大同區,鄰江。老師（1-3、5-11、18-20鄰）,至聖、國慶、國順（1-11、13-15鄰）、斯文、揚雅、鄰江。老師（1-3、5-11、18-20鄰）、保安（1-2、5、11-13、15鄰,大同區大龍街187巷1號。,TEL:25918269FEX:25850236
大同區,蘭州國中,363506,基本學區,大同區,保安（1-2、5、11-13、15鄰,至聖、國慶、國順（1-11、13-15鄰）、斯文、揚雅、鄰江。老師（1-3、5-11、18-20鄰）、保安（1-2、5、11-13、15鄰,大同區大龍街187巷1號。,TEL:25918269FEX:25850236
大同區,蘭州國中,363506,共同學區,大同區,老師（4、12、16、21-22鄰）,老師（4、12、16、21-22鄰）:蘭州、重慶共同學區,大同區大龍街187巷1號。,TEL:25918269FEX:25850236
大同區,蘭州國中,363506,共同學區,士林區,葫東,葫東、富光:重慶、蘭州、陽明、士林共同學區,大同區大龍街187巷1號。,TEL:25918269FEX:25850236
大同區,蘭州國中,363506,共同學區,士林區,富光,葫東、富光:重慶、蘭州、陽明、士林共同學區,大同區大龍街187巷1號。,TEL:25918269FEX:25850236
大同區,蘭州國中,363506,共同學區,大同區,國順（12鄰）,國順（12鄰）:民權、蘭州共同學區,大同區大龍街187巷1號。,TEL:25918269FEX:25850236
大同區,重慶國中,363507,基本學區,大同區,重慶,重慶、保安（3-4、6-10、14、16-18鄰）、老師（13-15、17鄰,大同區敦煌路19號。,TEL:25948631FAX:25928834
大同區,重慶國中,363507,基本學區,大同區,保安（3-4、6-10、14、16-18鄰）,重慶、保安（3-4、6-10、14、16-18鄰）、老師（13-15、17鄰,大同區敦煌路19號。,TEL:25948631FAX:25928834
大同區,重慶國中,363507,基本學區,大同區,老師（13-15、17鄰,重慶、保安（3-4、6-10、14、16-18鄰）、老師（13-15、17鄰,大同區敦煌路19號。,TEL:25948631FAX:25928834
大同區,重慶國中,363507,共同學區,大同區,老師（4、12、16、21-22鄰）,老師（4、12、16、21-22鄰）:蘭州、重慶共同學區,大同區敦煌路19號。,TEL:25948631FAX:25928834
大同區,重慶國中,363507,共同學區,士林區,福順,福順、葫蘆:重慶、陽明、士林共同學區,大同區敦煌路19號。,TEL:25948631FAX:25928834
大同區,重慶國中,363507,共同學區,士林區,葫蘆,福順、葫蘆:重慶、陽明、士林共同學區,大同區敦煌路19號。,TEL:25948631FAX:25928834
大同區,重慶國中,363507,共同學區,士林區,葫東,葫東、富光:重慶、蘭州、陽明、士林共同學區,大同區敦煌路19號。,TEL:25948631FAX:25928834
大同區,重慶國中,363507,共同學區,士林區,富光,葫東、富光:重慶、蘭州、陽明、士林共同學區,大同區敦煌路19號。,TEL:25948631FAX:25928834
大同區,重慶國中,363507,共同學區,士林區,社子（1、6、7、12-15鄰）,社子（1、6、7、12-15鄰）:重慶、陽明共同學區,大同區敦煌路19號。,TEL:25948631FAX:25928834
大同區,重慶國中,363507,共同學區,士林區,明勝,明勝:百齡、重慶共同學區,大同區敦煌路19號。,TEL:25948631FAX:25928834
中山區,大同高中國中部,343302,基本學區,中山區,中吉,中吉、中央、朱馥、松江、復華,中山區長春路167號。,TEL:25054269FAX:25072094
中山區,大同高中國中部,343302,基本學區,中山區,中央,中吉、中央、朱馥、松江、復華,中山區長春路167號。,TEL:25054269FAX:25072094
中山區,大同高中國中部,343302,基本學區,中山區,朱馥,中吉、中央、朱馥、松江、復華,中山區長春路167號。,TEL:25054269FAX:25072094
中山區,大同高中國中部,343302,基本學區,中山區,松江,中吉、中央、朱馥、松江、復華,中山區長春路167號。,TEL:25054269FAX:25072094
中山區,大同高中國中部,343302,基本學區,中山區,復華,中吉、中央、朱馥、松江、復華,中山區長春路167號。,TEL:25054269FAX:25072094
中山區,長安國中,343502,基本學區,中山區,力行,力行、朱崙、朱園、興亞、正義、正守、中原（1-6鄰,中山區松江路70巷11號。,TEL:25112382FAX:25373576
中山區,長安國中,343502,基本學區,中山區,朱崙,力行、朱崙、朱園、興亞、正義、正守、中原（1-6鄰,中山區松江路70巷11號。,TEL:25112382FAX:25373576
中山區,長安國中,343502,基本學區,中山區,朱園,力行、朱崙、朱園、興亞、正義、正守、中原（1-6鄰,中山區松江路70巷11號。,TEL:25112382FAX:25373576
中山區,長安國中,343502,基本學區,中山區,興亞,力行、朱崙、朱園、興亞、正義、正守、中原（1-6鄰,中山區松江路70巷11號。,TEL:25112382FAX:25373576
中山區,長安國中,343502,基本學區,中山區,正義,力行、朱崙、朱園、興亞、正義、正守、中原（1-6鄰,中山區松江路70巷11號。,TEL:25112382FAX:25373576
中山區,長安國中,343502,基本學區,中山區,正守,力行、朱崙、朱園、興亞、正義、正守、中原（1-6鄰,中山區松江路70巷11號。,TEL:25112382FAX:25373576
中山區,長安國中,343502,基本學區,中山區,中原（1-6鄰,力行、朱崙、朱園、興亞、正義、正守、中原（1-6鄰,中山區松江路70巷11號。,TEL:25112382FAX:25373576
中山區,長安國中,343502,共同學區,中山區,埤頭,埤頭:長安、懷生共同學區,中山區松江路70巷11號。,TEL:25112382FAX:25373576
中山區,大直高中國中部,343303,共同學區,中山區,大佳,大佳、大直:大直、北安共同學區,中山區北安路420號。,TEL:25334017FAX:25339635
中山區,大直高中國中部,343303,共同學區,中山區,大直,大佳、大直:大直、北安共同學區,中山區北安路420號。,TEL:25334017FAX:25339635
中山區,大直高中國中部,343303,共同學區,中山區,北安里,北安里、成功里:濱江、大直共同學區,中山區北安路420號。,TEL:25334017FAX:25339635
中山區,大直高中國中部,343303,共同學區,中山區,成功里,北安里、成功里:濱江、大直共同學區,中山區北安路420號。,TEL:25334017FAX:25339635
中山區,大直高中國中部,343303,共同學區,中山區,永安里,永安里:濱江、北安、大直共同學區,中山區北安路420號。,TEL:25334017FAX:25339635
中山區,大直高中國中部,343303,共同學區,中山區,劍潭里,劍潭里:北安、大直共同學區,中山區北安路420號。,TEL:25334017FAX:25339635
中山區,大直高中國中部,343303,共同學區,內湖區,西湖,西湖:大直、北安、麗山、西湖共同學區,中山區北安路420號。,TEL:25334017FAX:25339635
中山區,大直高中國中部,343303,共同學區,內湖區,西安,西安:大直、北安、麗山、西湖共同學區,中山區北安路420號。,TEL:25334017FAX:25339635
中山區,大直高中國中部,343303,共同學區,內湖區,西康,西康:大直、北安、麗山、西湖共同學區,中山區北安路420號。,TEL:25334017FAX:25339635
中山區,五常國中,343506,基本學區,中山區,下埤,下埤、行政、行孝、行仁,中山區復興北路430巷1號。,TEL:25014320FAX:25037164
中山區,五常國中,343506,基本學區,中山區,行政,下埤、行政、行孝、行仁,中山區復興北路430巷1號。,TEL:25014320FAX:25037164
中山區,五常國中,343506,基本學區,中山區,行孝,下埤、行政、行孝、行仁,中山區復興北路430巷1號。,TEL:25014320FAX:25037164
中山區,五常國中,343506,基本學區,中山區,行仁,下埤、行政、行孝、行仁,中山區復興北路430巷1號。,TEL:25014320FAX:25037164
中山區,五常國中,343506,基本學區,松山區,民福（1-21、26-27鄰,民福（1-21、26-27鄰,中山區復興北路430巷1號。,TEL:25014320FAX:25037164
中山區,五常國中,343506,共同學區,松山區,民福（22-25鄰）,民福（22-25鄰）:中山、五常共同學區,中山區復興北路430巷1號。,TEL:25014320FAX:25037164
中山區,北安國中,343504,基本學區,中山區,圓山,圓山,中山區明水路325號。,TEL:25333888FAX:25338329
中山區,北安國中,343504,共同學區,中山區,大佳,大佳、大直:大直、北安共同學區,中山區明水路325號。,TEL:25333888FAX:25338329
中山區,北安國中,343504,共同學區,中山區,大直,大佳、大直:大直、北安共同學區,中山區明水路325號。,TEL:25333888FAX:25338329
中山區,北安國中,343504,共同學區,中山區,永安里,永安里:濱江、北安、大直共同學區,中山區明水路325號。,TEL:25333888FAX:25338329
中山區,北安國中,343504,共同學區,中山區,新喜里,新喜里、晴光里:北安、新興共同學區,中山區明水路325號。,TEL:25333888FAX:25338329
中山區,北安國中,343504,共同學區,中山區,晴光里,新喜里、晴光里:北安、新興共同學區,中山區明水路325號。,TEL:25333888FAX:25338329
中山區,北安國中,343504,共同學區,中山區,劍潭里,劍潭里:北安、大直共同學區,中山區明水路325號。,TEL:25333888FAX:25338329
中山區,北安國中,343504,共同學區,中山區,金泰里,金泰里:濱江、西湖、北安共同學區,中山區明水路325號。,TEL:25333888FAX:25338329
中山區,北安國中,343504,共同學區,內湖區,西湖,西湖:大直、北安、麗山、西湖共同學區,中山區明水路325號。,TEL:25333888FAX:25338329
中山區,北安國中,343504,共同學區,內湖區,西安,西安:大直、北安、麗山、西湖共同學區,中山區明水路325號。,TEL:25333888FAX:25338329
中山區,北安國中,343504,共同學區,內湖區,西康,西康:大直、北安、麗山、西湖共同學區,中山區明水路325號。,TEL:25333888FAX:25338329
中山區,新興國中,343505,基本學區,中山區,恒安,恒安、新生、新庄、新福、聚盛、聚葉、中庄、康樂、中山、中原（7-18鄰,中山區林森北路511號。,TEL:25714211FAX:25372769
中山區,新興國中,343505,基本學區,中山區,新生,恒安、新生、新庄、新福、聚盛、聚葉、中庄、康樂、中山、中原（7-18鄰,中山區林森北路511號。,TEL:25714211FAX:25372769
中山區,新興國中,343505,基本學區,中山區,新庄,恒安、新生、新庄、新福、聚盛、聚葉、中庄、康樂、中山、中原（7-18鄰,中山區林森北路511號。,TEL:25714211FAX:25372769
中山區,新興國中,343505,基本學區,中山區,新福,恒安、新生、新庄、新福、聚盛、聚葉、中庄、康樂、中山、中原（7-18鄰,中山區林森北路511號。,TEL:25714211FAX:25372769
中山區,新興國中,343505,基本學區,中山區,聚盛,恒安、新生、新庄、新福、聚盛、聚葉、中庄、康樂、中山、中原（7-18鄰,中山區林森北路511號。,TEL:25714211FAX:25372769
中山區,新興國中,343505,基本學區,中山區,聚葉,恒安、新生、新庄、新福、聚盛、聚葉、中庄、康樂、中山、中原（7-18鄰,中山區林森北路511號。,TEL:25714211FAX:25372769
中山區,新興國中,343505,基本學區,中山區,中庄,恒安、新生、新庄、新福、聚盛、聚葉、中庄、康樂、中山、中原（7-18鄰,中山區林森北路511號。,TEL:25714211FAX:25372769
中山區,新興國中,343505,基本學區,中山區,康樂,恒安、新生、新庄、新福、聚盛、聚葉、中庄、康樂、中山、中原（7-18鄰,中山區林森北路511號。,TEL:25714211FAX:25372769
中山區,新興國中,343505,基本學區,中山區,中山,恒安、新生、新庄、新福、聚盛、聚葉、中庄、康樂、中山、中原（7-18鄰,中山區林森北路511號。,TEL:25714211FAX:25372769
中山區,新興國中,343505,基本學區,中山區,中原（7-18鄰,恒安、新生、新庄、新福、聚盛、聚葉、中庄、康樂、中山、中原（7-18鄰,中山區林森北路511號。,TEL:25714211FAX:25372769
中山區,新興國中,343505,共同學區,中山區,新喜,新喜、晴光:北安、新興共同學區,中山區林森北路511號。,TEL:25714211FAX:25372769
中山區,新興國中,343505,共同學區,中山區,晴光,新喜、晴光:北安、新興共同學區,中山區林森北路511號。,TEL:25714211FAX:25372769
中山區,濱江實驗國中,343507,共同學區,中山區,金泰里,金泰里:濱江、西湖、北安共同學區,中山區樂群2路262號。,TEL:85020126FAX:85020129
中山區,濱江實驗國中,343507,共同學區,中山區,北安,北安、成功:濱江、大直共同學區,中山區樂群2路262號。,TEL:85020126FAX:85020129
中山區,濱江實驗國中,343507,共同學區,中山區,成功,北安、成功:濱江、大直共同學區,中山區樂群2路262號。,TEL:85020126FAX:85020129
中山區,濱江實驗國中,343507,共同學區,中山區,永安里,永安里:濱江、北安、大直共同學區,中山區樂群2路262號。,TEL:85020126FAX:85020129
文山區,政大附中,380301,共同學區,文山區,指南里,指南里:北政、政大附中共同學區,文山區政大1街353號。,TEL:82377500FAX:82377501
文山區,政大附中,380301,共同學區,文山區,萬興里,萬興里、政大里:政大附中、北政共同學區,文山區政大1街353號。,TEL:82377500FAX:82377501
文山區,政大附中,380301,共同學區,文山區,政大里,萬興里、政大里:政大附中、北政共同學區,文山區政大1街353號。,TEL:82377500FAX:82377501
文山區,北政國中,383503,共同學區,文山區,指南里,指南里:北政、政大附中共同學區,文山區指南路3段2巷14號。,TEL:29393651FAX:29398411
文山區,北政國中,383503,共同學區,文山區,萬興里,萬興里、政大里:政大附中、北政共同學區,文山區指南路3段2巷14號。,TEL:29393651FAX:29398411
文山區,北政國中,383503,共同學區,文山區,政大里,萬興里、政大里:政大附中、北政共同學區,文山區指南路3段2巷14號。,TEL:29393651FAX:29398411
文山區,景美國中,383504,基本學區,文山區,景美,景美、景行、景仁、景慶、景東（1-15、24-26鄰）、景華（1-7、9-12鄰,文山區景中街27號。,TEL:89353130FAX:29304612
文山區,景美國中,383504,基本學區,文山區,景行,景美、景行、景仁、景慶、景東（1-15、24-26鄰）、景華（1-7、9-12鄰,文山區景中街27號。,TEL:89353130FAX:29304612
文山區,景美國中,383504,基本學區,文山區,景仁,景美、景行、景仁、景慶、景東（1-15、24-26鄰）、景華（1-7、9-12鄰,文山區景中街27號。,TEL:89353130FAX:29304612
文山區,景美國中,383504,基本學區,文山區,景慶,景美、景行、景仁、景慶、景東（1-15、24-26鄰）、景華（1-7、9-12鄰,文山區景中街27號。,TEL:89353130FAX:29304612
文山區,景美國中,383504,基本學區,文山區,景東（1-15、24-26鄰）,景美、景行、景仁、景慶、景東（1-15、24-26鄰）、景華（1-7、9-12鄰,文山區景中街27號。,TEL:89353130FAX:29304612
文山區,景美國中,383504,基本學區,文山區,景華（1-7、9-12鄰,景美、景行、景仁、景慶、景東（1-15、24-26鄰）、景華（1-7、9-12鄰,文山區景中街27號。,TEL:89353130FAX:29304612
文山區,景美國中,383504,共同學區,文山區,試院（16鄰）,試院（16鄰）:實踐、景美共同學區,文山區景中街27號。,TEL:89353130FAX:29304612
文山區,木柵國中,383501,基本學區,文山區,木柵,木柵、木新、順興、樟腳（1-9、11、14鄰）、忠順、博嘉（1-12、20鄰,文山區木柵路3段102巷12號。,TEL:29393031FAX:29397866
文山區,木柵國中,383501,基本學區,文山區,木新,木柵、木新、順興、樟腳（1-9、11、14鄰）、忠順、博嘉（1-12、20鄰,文山區木柵路3段102巷12號。,TEL:29393031FAX:29397866
文山區,木柵國中,383501,基本學區,文山區,順興,木柵、木新、順興、樟腳（1-9、11、14鄰）、忠順、博嘉（1-12、20鄰,文山區木柵路3段102巷12號。,TEL:29393031FAX:29397866
文山區,木柵國中,383501,基本學區,文山區,樟腳（1-9、11、14鄰）,木柵、木新、順興、樟腳（1-9、11、14鄰）、忠順、博嘉（1-12、20鄰,文山區木柵路3段102巷12號。,TEL:29393031FAX:29397866
文山區,木柵國中,383501,基本學區,文山區,忠順,木柵、木新、順興、樟腳（1-9、11、14鄰）、忠順、博嘉（1-12、20鄰,文山區木柵路3段102巷12號。,TEL:29393031FAX:29397866
文山區,木柵國中,383501,基本學區,文山區,博嘉（1-12、20鄰,木柵、木新、順興、樟腳（1-9、11、14鄰）、忠順、博嘉（1-12、20鄰,文山區木柵路3段102巷12號。,TEL:29393031FAX:29397866
文山區,木柵國中,383501,共同學區,文山區,博嘉（13-16鄰）,博嘉（13-16鄰）、明興:木柵、萬芳共同學區,文山區木柵路3段102巷12號。,TEL:29393031FAX:29397866
文山區,木柵國中,383501,共同學區,文山區,明興,博嘉（13-16鄰）、明興:木柵、萬芳共同學區,文山區木柵路3段102巷12號。,TEL:29393031FAX:29397866
文山區,木柵國中,383501,共同學區,文山區,萬芳,萬芳、萬美（1-10、12-30鄰）、博嘉（17-19、21鄰）:木柵、萬芳、興福共同學區,文山區木柵路3段102巷12號。,TEL:29393031FAX:29397866
文山區,木柵國中,383501,共同學區,文山區,萬美（1-10、12-30鄰）,萬芳、萬美（1-10、12-30鄰）、博嘉（17-19、21鄰）:木柵、萬芳、興福共同學區,文山區木柵路3段102巷12號。,TEL:29393031FAX:29397866
文山區,木柵國中,383501,共同學區,文山區,博嘉（17-19、21鄰）,萬芳、萬美（1-10、12-30鄰）、博嘉（17-19、21鄰）:木柵、萬芳、興福共同學區,文山區木柵路3段102巷12號。,TEL:29393031FAX:29397866
文山區,木柵國中,383501,基本學區,文山區,明義:實踐,明義:實踐、萬芳、木,文山區木柵路3段102巷12號。,TEL:29393031FAX:29397866
文山區,木柵國中,383501,基本學區,文山區,萬芳,明義:實踐、萬芳、木,文山區木柵路3段102巷12號。,TEL:29393031FAX:29397866
文山區,木柵國中,383501,基本學區,文山區,木,明義:實踐、萬芳、木,文山區木柵路3段102巷12號。,TEL:29393031FAX:29397866
文山區,實踐國中,383502,基本學區,文山區,柵老共泉同,柵老共泉同、學華區興。、試院（1-15、17-30鄰）、樟林、樟新、樟腳（10、12-13、15-16鄰）、樟文、樟樹,文山區辛亥路7段67號。,TEL:22362852FAX:22366485
文山區,實踐國中,383502,基本學區,文山區,學華區興,柵老共泉同、學華區興。、試院（1-15、17-30鄰）、樟林、樟新、樟腳（10、12-13、15-16鄰）、樟文、樟樹,文山區辛亥路7段67號。,TEL:22362852FAX:22366485
文山區,實踐國中,383502,基本學區,文山區,試院（1-15、17-30鄰）,柵老共泉同、學華區興。、試院（1-15、17-30鄰）、樟林、樟新、樟腳（10、12-13、15-16鄰）、樟文、樟樹,文山區辛亥路7段67號。,TEL:22362852FAX:22366485
文山區,實踐國中,383502,基本學區,文山區,樟林,柵老共泉同、學華區興。、試院（1-15、17-30鄰）、樟林、樟新、樟腳（10、12-13、15-16鄰）、樟文、樟樹,文山區辛亥路7段67號。,TEL:22362852FAX:22366485
文山區,實踐國中,383502,基本學區,文山區,樟新,柵老共泉同、學華區興。、試院（1-15、17-30鄰）、樟林、樟新、樟腳（10、12-13、15-16鄰）、樟文、樟樹,文山區辛亥路7段67號。,TEL:22362852FAX:22366485
文山區,實踐國中,383502,基本學區,文山區,樟腳（10、12-13、15-16鄰）,柵老共泉同、學華區興。、試院（1-15、17-30鄰）、樟林、樟新、樟腳（10、12-13、15-16鄰）、樟文、樟樹,文山區辛亥路7段67號。,TEL:22362852FAX:22366485
文山區,實踐國中,383502,基本學區,文山區,樟文,柵老共泉同、學華區興。、試院（1-15、17-30鄰）、樟林、樟新、樟腳（10、12-13、15-16鄰）、樟文、樟樹,文山區辛亥路7段67號。,TEL:22362852FAX:22366485
文山區,實踐國中,383502,基本學區,文山區,樟樹,柵老共泉同、學華區興。、試院（1-15、17-30鄰）、樟林、樟新、樟腳（10、12-13、15-16鄰）、樟文、樟樹,文山區辛亥路7段67號。,TEL:22362852FAX:22366485
文山區,實踐國中,383502,共同學區,文山區,明義,明義:實踐、萬芳、木柵共同學區,文山區辛亥路7段67號。,TEL:22362852FAX:22366485
文山區,實踐國中,383502,共同學區,文山區,試院（16鄰）,試院（16鄰）:實踐、景美共同學區,文山區辛亥路7段67號。,TEL:22362852FAX:22366485
文山區,興福國中,383505,基本學區,文山區,興旺,興旺、興泰、興業、興安（4-16、18、24-26鄰）、興邦,文山區福興路80號。,TEL:29322024FAX:29332143
文山區,興福國中,383505,基本學區,文山區,興泰,興旺、興泰、興業、興安（4-16、18、24-26鄰）、興邦,文山區福興路80號。,TEL:29322024FAX:29332143
文山區,興福國中,383505,基本學區,文山區,興業,興旺、興泰、興業、興安（4-16、18、24-26鄰）、興邦,文山區福興路80號。,TEL:29322024FAX:29332143
文山區,興福國中,383505,基本學區,文山區,興安（4-16、18、24-26鄰）,興旺、興泰、興業、興安（4-16、18、24-26鄰）、興邦,文山區福興路80號。,TEL:29322024FAX:29332143
文山區,興福國中,383505,基本學區,文山區,興邦,興旺、興泰、興業、興安（4-16、18、24-26鄰）、興邦,文山區福興路80號。,TEL:29322024FAX:29332143
文山區,興福國中,383505,共同學區,文山區,景東（16-23鄰）,景東（16-23鄰）、興豐、興安（1-3、17、19-23、27-29鄰）、興福（13-23鄰）:興福、景興共同學區,文山區福興路80號。,TEL:29322024FAX:29332143
文山區,興福國中,383505,共同學區,文山區,興豐,景東（16-23鄰）、興豐、興安（1-3、17、19-23、27-29鄰）、興福（13-23鄰）:興福、景興共同學區,文山區福興路80號。,TEL:29322024FAX:29332143
文山區,興福國中,383505,共同學區,文山區,興安（1-3、17、19-23、27-29鄰）,景東（16-23鄰）、興豐、興安（1-3、17、19-23、27-29鄰）、興福（13-23鄰）:興福、景興共同學區,文山區福興路80號。,TEL:29322024FAX:29332143
文山區,興福國中,383505,共同學區,文山區,興福（13-23鄰）,景東（16-23鄰）、興豐、興安（1-3、17、19-23、27-29鄰）、興福（13-23鄰）:興福、景興共同學區,文山區福興路80號。,TEL:29322024FAX:29332143
文山區,興福國中,383505,共同學區,文山區,萬盛里,萬盛里:景興、興福、民族共同學區,文山區福興路80號。,TEL:29322024FAX:29332143
文山區,興福國中,383505,共同學區,文山區,萬芳,萬芳、萬美（1-10、12-30鄰）、博嘉（17-19、21鄰）:木柵、萬芳、興福共同學區,文山區福興路80號。,TEL:29322024FAX:29332143
文山區,興福國中,383505,共同學區,文山區,萬美（1-10、12-30鄰）,萬芳、萬美（1-10、12-30鄰）、博嘉（17-19、21鄰）:木柵、萬芳、興福共同學區,文山區福興路80號。,TEL:29322024FAX:29332143
文山區,興福國中,383505,共同學區,文山區,博嘉（17-19、21鄰）,萬芳、萬美（1-10、12-30鄰）、博嘉（17-19、21鄰）:木柵、萬芳、興福共同學區,文山區福興路80號。,TEL:29322024FAX:29332143
文山區,興福國中,383505,共同學區,文山區,萬年里,萬年里:景興、興福、民族共同學區,文山區福興路80號。,TEL:29322024FAX:29332143
文山區,萬芳高中國中部,383302,基本學區,文山區,興得,興得、興昌、興光、興家、萬美（11鄰,文山區興隆路3段115巷1號。,TEL:22309585FAX:22303188
文山區,萬芳高中國中部,383302,基本學區,文山區,興昌,興得、興昌、興光、興家、萬美（11鄰,文山區興隆路3段115巷1號。,TEL:22309585FAX:22303188
文山區,萬芳高中國中部,383302,基本學區,文山區,興光,興得、興昌、興光、興家、萬美（11鄰,文山區興隆路3段115巷1號。,TEL:22309585FAX:22303188
文山區,萬芳高中國中部,383302,基本學區,文山區,興家,興得、興昌、興光、興家、萬美（11鄰,文山區興隆路3段115巷1號。,TEL:22309585FAX:22303188
文山區,萬芳高中國中部,383302,基本學區,文山區,萬美（11鄰,興得、興昌、興光、興家、萬美（11鄰,文山區興隆路3段115巷1號。,TEL:22309585FAX:22303188
文山區,萬芳高中國中部,383302,共同學區,文山區,萬芳,萬芳、萬美（1-10、12-30鄰）、博嘉（17-19、21鄰）:木柵、萬芳、興福共同學區,文山區興隆路3段115巷1號。,TEL:22309585FAX:22303188
文山區,萬芳高中國中部,383302,共同學區,文山區,萬美（1-10、12-30鄰）,萬芳、萬美（1-10、12-30鄰）、博嘉（17-19、21鄰）:木柵、萬芳、興福共同學區,文山區興隆路3段115巷1號。,TEL:22309585FAX:22303188
文山區,萬芳高中國中部,383302,共同學區,文山區,博嘉（17-19、21鄰）,萬芳、萬美（1-10、12-30鄰）、博嘉（17-19、21鄰）:木柵、萬芳、興福共同學區,文山區興隆路3段115巷1號。,TEL:22309585FAX:22303188
文山區,萬芳高中國中部,383302,共同學區,文山區,明義,明義:實踐、萬芳、木柵共同學區,文山區興隆路3段115巷1號。,TEL:22309585FAX:22303188
文山區,萬芳高中國中部,383302,共同學區,文山區,博嘉（13-16鄰）,博嘉（13-16鄰）、明興:萬芳、木柵共同學區,文山區興隆路3段115巷1號。,TEL:22309585FAX:22303188
文山區,萬芳高中國中部,383302,共同學區,文山區,明興,博嘉（13-16鄰）、明興:萬芳、木柵共同學區,文山區興隆路3段115巷1號。,TEL:22309585FAX:22303188
文山區,景興國中,383507,基本學區,文山區,萬祥,萬祥、萬有、萬隆、興福（1-12鄰）、景華（8、13-24鄰）、萬和（9-14鄰,文山區景興路46巷2號。,TEL:29323796FAX:29345415
文山區,景興國中,383507,基本學區,文山區,萬有,萬祥、萬有、萬隆、興福（1-12鄰）、景華（8、13-24鄰）、萬和（9-14鄰,文山區景興路46巷2號。,TEL:29323796FAX:29345415
文山區,景興國中,383507,基本學區,文山區,萬隆,萬祥、萬有、萬隆、興福（1-12鄰）、景華（8、13-24鄰）、萬和（9-14鄰,文山區景興路46巷2號。,TEL:29323796FAX:29345415
文山區,景興國中,383507,基本學區,文山區,興福（1-12鄰）,萬祥、萬有、萬隆、興福（1-12鄰）、景華（8、13-24鄰）、萬和（9-14鄰,文山區景興路46巷2號。,TEL:29323796FAX:29345415
文山區,景興國中,383507,基本學區,文山區,景華（8、13-24鄰）,萬祥、萬有、萬隆、興福（1-12鄰）、景華（8、13-24鄰）、萬和（9-14鄰,文山區景興路46巷2號。,TEL:29323796FAX:29345415
文山區,景興國中,383507,基本學區,文山區,萬和（9-14鄰,萬祥、萬有、萬隆、興福（1-12鄰）、景華（8、13-24鄰）、萬和（9-14鄰,文山區景興路46巷2號。,TEL:29323796FAX:29345415
文山區,景興國中,383507,共同學區,文山區,萬和（1-8鄰）,萬和（1-8鄰）景興、民族共同學區,文山區景興路46巷2號。,TEL:29323796FAX:29345415
文山區,景興國中,383507,共同學區,文山區,萬盛里,萬盛里:興福、景興、民族共同學區,文山區景興路46巷2號。,TEL:29323796FAX:29345415
文山區,景興國中,383507,共同學區,文山區,景東（16-23鄰）,景東（16-23鄰）、興豐、興安（1-3、17、19-23、27-29鄰）、興福（13-23鄰）:興福、景興共同學區,文山區景興路46巷2號。,TEL:29323796FAX:29345415
文山區,景興國中,383507,共同學區,文山區,興豐,景東（16-23鄰）、興豐、興安（1-3、17、19-23、27-29鄰）、興福（13-23鄰）:興福、景興共同學區,文山區景興路46巷2號。,TEL:29323796FAX:29345415
文山區,景興國中,383507,共同學區,文山區,興安（1-3、17、19-23、27-29鄰）,景東（16-23鄰）、興豐、興安（1-3、17、19-23、27-29鄰）、興福（13-23鄰）:興福、景興共同學區,文山區景興路46巷2號。,TEL:29323796FAX:29345415
文山區,景興國中,383507,共同學區,文山區,興福（13-23鄰）,景東（16-23鄰）、興豐、興安（1-3、17、19-23、27-29鄰）、興福（13-23鄰）:興福、景興共同學區,文山區景興路46巷2號。,TEL:29323796FAX:29345415
文山區,景興國中,383507,共同學區,文山區,萬年里,萬年里:興福、景興、民族共同學區,文山區景興路46巷2號。,TEL:29323796FAX:29345415
士林區,至善國中,413504,基本學區,士林區,溪山,溪山、翠山、福林（1、2鄰）、臨溪,士林區至善路2段360號。,TEL:28411350FAX:28411941
士林區,至善國中,413504,基本學區,士林區,翠山,溪山、翠山、福林（1、2鄰）、臨溪,士林區至善路2段360號。,TEL:28411350FAX:28411941
士林區,至善國中,413504,基本學區,士林區,福林（1、2鄰）,溪山、翠山、福林（1、2鄰）、臨溪,士林區至善路2段360號。,TEL:28411350FAX:28411941
士林區,至善國中,413504,基本學區,士林區,臨溪,溪山、翠山、福林（1、2鄰）、臨溪,士林區至善路2段360號。,TEL:28411350FAX:28411941
士林區,至善國中,413504,共同學區,士林區,名山（25鄰）,名山（25鄰）、岩山:至善、蘭雅共同學區,士林區至善路2段360號。,TEL:28411350FAX:28411941
士林區,至善國中,413504,共同學區,士林區,岩山,名山（25鄰）、岩山:至善、蘭雅共同學區,士林區至善路2段360號。,TEL:28411350FAX:28411941
士林區,至善國中,413504,共同學區,士林區,福志,福志、福林（3-5鄰）:至善、士林共同學區,士林區至善路2段360號。,TEL:28411350FAX:28411941
士林區,至善國中,413504,共同學區,士林區,福林（3-5鄰）,福志、福林（3-5鄰）:至善、士林共同學區,士林區至善路2段360號。,TEL:28411350FAX:28411941
士林區,格致國中,413505,基本學區,士林區,公館,公館、平等、永福、菁山、陽明、新安,士林區仰德大道4段75號。,TEL:28610079FAX:28613044
士林區,格致國中,413505,基本學區,士林區,平等,公館、平等、永福、菁山、陽明、新安,士林區仰德大道4段75號。,TEL:28610079FAX:28613044
士林區,格致國中,413505,基本學區,士林區,永福,公館、平等、永福、菁山、陽明、新安,士林區仰德大道4段75號。,TEL:28610079FAX:28613044
士林區,格致國中,413505,基本學區,士林區,菁山,公館、平等、永福、菁山、陽明、新安,士林區仰德大道4段75號。,TEL:28610079FAX:28613044
士林區,格致國中,413505,基本學區,士林區,陽明,公館、平等、永福、菁山、陽明、新安,士林區仰德大道4段75號。,TEL:28610079FAX:28613044
士林區,格致國中,413505,基本學區,士林區,新安,公館、平等、永福、菁山、陽明、新安,士林區仰德大道4段75號。,TEL:28610079FAX:28613044
士林區,格致國中,413505,基本學區,北投區,湖山（4-13鄰,湖山（4-13鄰,士林區仰德大道4段75號。,TEL:28610079FAX:28613044
士林區,格致國中,413505,共同學區,北投區,湖田（2鄰）,湖田（2鄰）:新民、格致共同學區,士林區仰德大道4段75號。,TEL:28610079FAX:28613044
士林區,蘭雅國中,413502,基本學區,士林區,三玉（1-5、7-9、11-22鄰）,三玉（1-5、7-9、11-22鄰）、天祿、聖山、名山（1-24鄰）、忠誠、蘭雅,士林區忠誠路2段51號。,TEL:28329377FAX:28318319
士林區,蘭雅國中,413502,基本學區,士林區,天祿,三玉（1-5、7-9、11-22鄰）、天祿、聖山、名山（1-24鄰）、忠誠、蘭雅,士林區忠誠路2段51號。,TEL:28329377FAX:28318319
士林區,蘭雅國中,413502,基本學區,士林區,聖山,三玉（1-5、7-9、11-22鄰）、天祿、聖山、名山（1-24鄰）、忠誠、蘭雅,士林區忠誠路2段51號。,TEL:28329377FAX:28318319
士林區,蘭雅國中,413502,基本學區,士林區,名山（1-24鄰）,三玉（1-5、7-9、11-22鄰）、天祿、聖山、名山（1-24鄰）、忠誠、蘭雅,士林區忠誠路2段51號。,TEL:28329377FAX:28318319
士林區,蘭雅國中,413502,基本學區,士林區,忠誠,三玉（1-5、7-9、11-22鄰）、天祿、聖山、名山（1-24鄰）、忠誠、蘭雅,士林區忠誠路2段51號。,TEL:28329377FAX:28318319
士林區,蘭雅國中,413502,基本學區,士林區,蘭雅,三玉（1-5、7-9、11-22鄰）、天祿、聖山、名山（1-24鄰）、忠誠、蘭雅,士林區忠誠路2段51號。,TEL:28329377FAX:28318319
士林區,蘭雅國中,413502,共同學區,士林區,蘭興,蘭興、德行、德華蘭雅、明德共同學區,士林區忠誠路2段51號。,TEL:28329377FAX:28318319
士林區,蘭雅國中,413502,共同學區,士林區,德行,蘭興、德行、德華蘭雅、明德共同學區,士林區忠誠路2段51號。,TEL:28329377FAX:28318319
士林區,蘭雅國中,413502,共同學區,士林區,德華,蘭興、德行、德華蘭雅、明德共同學區,士林區忠誠路2段51號。,TEL:28329377FAX:28318319
士林區,蘭雅國中,413502,基本學區,士林區,天壽（1-4鄰、8-12鄰,天壽（1-4鄰、8-12鄰,士林區忠誠路2段51號。,TEL:28329377FAX:28318319
士林區,蘭雅國中,413502,共同學區,士林區,岩山,岩山、名山（25鄰）:至善、蘭雅共同學區,士林區忠誠路2段51號。,TEL:28329377FAX:28318319
士林區,蘭雅國中,413502,共同學區,士林區,名山（25鄰）,岩山、名山（25鄰）:至善、蘭雅共同學區,士林區忠誠路2段51號。,TEL:28329377FAX:28318319
士林區,蘭雅國中,413502,共同學區,士林區,東山,東山、芝山:蘭雅、天母共同學區,士林區忠誠路2段51號。,TEL:28329377FAX:28318319
士林區,蘭雅國中,413502,共同學區,士林區,芝山,東山、芝山:蘭雅、天母共同學區,士林區忠誠路2段51號。,TEL:28329377FAX:28318319
士林區,蘭雅國中,413502,共同學區,士林區,永欣（1-7、10-23）,永欣（1-7、10-23）:石牌、蘭雅、明德共同學區,士林區忠誠路2段51號。,TEL:28329377FAX:28318319
士林區,士林國中,413501,基本學區,士林區,福佳（1-25鄰）,福佳（1-25鄰）、福德、舊佳、福林（6-18鄰,士林區中正路345號。,TEL:88613411FAX:28828424
士林區,士林國中,413501,基本學區,士林區,福德,福佳（1-25鄰）、福德、舊佳、福林（6-18鄰,士林區中正路345號。,TEL:88613411FAX:28828424
士林區,士林國中,413501,基本學區,士林區,舊佳,福佳（1-25鄰）、福德、舊佳、福林（6-18鄰,士林區中正路345號。,TEL:88613411FAX:28828424
士林區,士林國中,413501,基本學區,士林區,福林（6-18鄰,福佳（1-25鄰）、福德、舊佳、福林（6-18鄰,士林區中正路345號。,TEL:88613411FAX:28828424
士林區,士林國中,413501,共同學區,士林區,福志,福志、福林（3-5鄰）:至善、士林共同學區,士林區中正路345號。,TEL:88613411FAX:28828424
士林區,士林國中,413501,共同學區,士林區,福林（3-5鄰）,福志、福林（3-5鄰）:至善、士林共同學區,士林區中正路345號。,TEL:88613411FAX:28828424
士林區,士林國中,413501,共同學區,士林區,福佳（26鄰）,福佳（26鄰）:士林、陽明共同學區。4義信、仁勇:士林、百齡共同學區,士林區中正路345號。,TEL:88613411FAX:28828424
士林區,士林國中,413501,共同學區,士林區,社新,社新、社園:福安士林、陽明共同學區,士林區中正路345號。,TEL:88613411FAX:28828424
士林區,士林國中,413501,共同學區,士林區,社園,社新、社園:福安士林、陽明共同學區,士林區中正路345號。,TEL:88613411FAX:28828424
士林區,士林國中,413501,共同學區,士林區,葫東,葫東、富光:重慶、蘭州、陽明、士林共同學區,士林區中正路345號。,TEL:88613411FAX:28828424
士林區,士林國中,413501,共同學區,士林區,富光,葫東、富光:重慶、蘭州、陽明、士林共同學區,士林區中正路345號。,TEL:88613411FAX:28828424
士林區,士林國中,413501,共同學區,士林區,福順,福順、葫蘆:重慶、陽明明、、士士林共同學區,士林區中正路345號。,TEL:88613411FAX:28828424
士林區,士林國中,413501,共同學區,士林區,葫蘆,福順、葫蘆:重慶、陽明明、、士士林共同學區,士林區中正路345號。,TEL:88613411FAX:28828424
士林區,士林國中,413501,共同學區,北投區,洲美,洲美:陽明、明德、石牌、北投、士林共同學區,士林區中正路345號。,TEL:88613411FAX:28828424
士林區,陽明高中國中部,413301,基本學區,士林區,社子（2-5、8-11、17-23鄰,社子（2-5、8-11、17-23鄰,士林區中正路510號。,TEL:28316675FAX:28310395
士林區,陽明高中國中部,413301,共同學區,士林區,福順,福順、葫蘆:重慶、陽明、士林共同學區,士林區中正路510號。,TEL:28316675FAX:28310395
士林區,陽明高中國中部,413301,共同學區,士林區,葫蘆,福順、葫蘆:重慶、陽明、士林共同學區,士林區中正路510號。,TEL:28316675FAX:28310395
士林區,陽明高中國中部,413301,共同學區,士林區,葫東,葫東、富光:重慶、蘭州、陽明、士林共同學區,士林區中正路510號。,TEL:28316675FAX:28310395
士林區,陽明高中國中部,413301,共同學區,士林區,富光,葫東、富光:重慶、蘭州、陽明、士林共同學區,士林區中正路510號。,TEL:28316675FAX:28310395
士林區,陽明高中國中部,413301,共同學區,士林區,社園,社園:福安、士林、陽明共同學區,士林區中正路510號。,TEL:28316675FAX:28310395
士林區,陽明高中國中部,413301,共同學區,士林區,社子（1、6、7、12-15鄰）,社子（1、6、7、12-15鄰）:重慶、陽明共同學區,士林區中正路510號。,TEL:28316675FAX:28310395
士林區,陽明高中國中部,413301,共同學區,士林區,社子（16鄰）,社子（16鄰）:福安、陽明共同學區,士林區中正路510號。,TEL:28316675FAX:28310395
士林區,陽明高中國中部,413301,共同學區,士林區,社新,社新:福安、士林、陽明共同學區,士林區中正路510號。,TEL:28316675FAX:28310395
士林區,陽明高中國中部,413301,共同學區,士林區,福佳（26鄰）,福佳（26鄰）:士林、陽明共同學區,士林區中正路510號。,TEL:28316675FAX:28310395
士林區,陽明高中國中部,413301,共同學區,士林區,後港,後港:陽明、百齡共同學區,士林區中正路510號。,TEL:28316675FAX:28310395
士林區,陽明高中國中部,413301,共同學區,北投區,洲美,洲美:陽明、明德、石牌、北投、士林共同學區,士林區中正路510號。,TEL:28316675FAX:28310395
士林區,福安國中,413506,共同學區,士林區,永倫,永倫、福安、富洲2.社子（16鄰）:福安、陽明共同學區。3社新、社園:福安、士林、陽明共同學區,士林區延平北路7段250號。,TEL:28108766FAX:28102207
士林區,福安國中,413506,共同學區,士林區,福安,永倫、福安、富洲2.社子（16鄰）:福安、陽明共同學區。3社新、社園:福安、士林、陽明共同學區,士林區延平北路7段250號。,TEL:28108766FAX:28102207
士林區,福安國中,413506,共同學區,士林區,富洲2.社子（16鄰）,永倫、福安、富洲2.社子（16鄰）:福安、陽明共同學區。3社新、社園:福安、士林、陽明共同學區,士林區延平北路7段250號。,TEL:28108766FAX:28102207
士林區,百齡高中國中部,413302,共同學區,士林區,義信,義信、仁勇:士林、百齡共同學區,士林區承德路4段177號。,TEL:28831568FAX:28835051
士林區,百齡高中國中部,413302,共同學區,士林區,仁勇,義信、仁勇:士林、百齡共同學區,士林區承德路4段177號。,TEL:28831568FAX:28835051
士林區,百齡高中國中部,413302,基本學區,士林區,承德,承德、福華、前港、百齡、福中,士林區承德路4段177號。,TEL:28831568FAX:28835051
士林區,百齡高中國中部,413302,基本學區,士林區,福華,承德、福華、前港、百齡、福中,士林區承德路4段177號。,TEL:28831568FAX:28835051
士林區,百齡高中國中部,413302,基本學區,士林區,前港,承德、福華、前港、百齡、福中,士林區承德路4段177號。,TEL:28831568FAX:28835051
士林區,百齡高中國中部,413302,基本學區,士林區,百齡,承德、福華、前港、百齡、福中,士林區承德路4段177號。,TEL:28831568FAX:28835051
士林區,百齡高中國中部,413302,基本學區,士林區,福中,承德、福華、前港、百齡、福中,士林區承德路4段177號。,TEL:28831568FAX:28835051
士林區,百齡高中國中部,413302,共同學區,士林區,後港,後港:陽明、百齡共同學區,士林區承德路4段177號。,TEL:28831568FAX:28835051
士林區,百齡高中國中部,413302,共同學區,士林區,明勝,明勝:百齡、重慶共同學區,士林區承德路4段177號。,TEL:28831568FAX:28835051
士林區,天母國中,413508,基本學區,士林區,天母,天母、天山、天玉、天福、天和、三玉（6、10鄰,士林區天母東路120號。,TEL:28754864FAX:28754863
士林區,天母國中,413508,基本學區,士林區,天山,天母、天山、天玉、天福、天和、三玉（6、10鄰,士林區天母東路120號。,TEL:28754864FAX:28754863
士林區,天母國中,413508,基本學區,士林區,天玉,天母、天山、天玉、天福、天和、三玉（6、10鄰,士林區天母東路120號。,TEL:28754864FAX:28754863
士林區,天母國中,413508,基本學區,士林區,天福,天母、天山、天玉、天福、天和、三玉（6、10鄰,士林區天母東路120號。,TEL:28754864FAX:28754863
士林區,天母國中,413508,基本學區,士林區,天和,天母、天山、天玉、天福、天和、三玉（6、10鄰,士林區天母東路120號。,TEL:28754864FAX:28754863
士林區,天母國中,413508,基本學區,士林區,三玉（6、10鄰,天母、天山、天玉、天福、天和、三玉（6、10鄰,士林區天母東路120號。,TEL:28754864FAX:28754863
士林區,天母國中,413508,基本學區,士林區,天壽（5-7、13-16鄰,天壽（5-7、13-16鄰,士林區天母東路120號。,TEL:28754864FAX:28754863
士林區,天母國中,413508,共同學區,士林區,東山,東山、芝山:天母、蘭雅共同學區,士林區天母東路120號。,TEL:28754864FAX:28754863
士林區,天母國中,413508,共同學區,士林區,芝山,東山、芝山:天母、蘭雅共同學區,士林區天母東路120號。,TEL:28754864FAX:28754863
士林區,天母國中,413508,基本學區,北投區,永欣（8-9鄰,永欣（8-9鄰,士林區天母東路120號。,TEL:28754864FAX:28754863
北投區,北投國中,423501,基本學區,北投區,清江,清江、溫泉、長安、大同、奇岩、中央（1-6、8-15、17、19鄰,北投區溫泉路62號。,TEL:28912091FAX:28954393
北投區,北投國中,423501,基本學區,北投區,溫泉,清江、溫泉、長安、大同、奇岩、中央（1-6、8-15、17、19鄰,北投區溫泉路62號。,TEL:28912091FAX:28954393
北投區,北投國中,423501,基本學區,北投區,長安,清江、溫泉、長安、大同、奇岩、中央（1-6、8-15、17、19鄰,北投區溫泉路62號。,TEL:28912091FAX:28954393
北投區,北投國中,423501,基本學區,北投區,大同,清江、溫泉、長安、大同、奇岩、中央（1-6、8-15、17、19鄰,北投區溫泉路62號。,TEL:28912091FAX:28954393
北投區,北投國中,423501,基本學區,北投區,奇岩,清江、溫泉、長安、大同、奇岩、中央（1-6、8-15、17、19鄰,北投區溫泉路62號。,TEL:28912091FAX:28954393
北投區,北投國中,423501,基本學區,北投區,中央（1-6、8-15、17、19鄰,清江、溫泉、長安、大同、奇岩、中央（1-6、8-15、17、19鄰,北投區溫泉路62號。,TEL:28912091FAX:28954393
北投區,北投國中,423501,共同學區,北投區,八仙（1-6、10-15、18鄰）,八仙（1-6、10-15、18鄰）:北投、關渡共同學區,北投區溫泉路62號。,TEL:28912091FAX:28954393
北投區,北投國中,423501,共同學區,北投區,中央（7、16、18、20-28鄰）,中央（7、16、18、20-28鄰）:北投、新民共同學區,北投區溫泉路62號。,TEL:28912091FAX:28954393
北投區,北投國中,423501,共同學區,北投區,豐年（1、12、16鄰）,豐年（1、12、16鄰）:北投、桃源共同學區,北投區溫泉路62號。,TEL:28912091FAX:28954393
北投區,北投國中,423501,共同學區,北投區,洲美,洲美:陽明、明德、石牌、北投、士林共同學區,北投區溫泉路62號。,TEL:28912091FAX:28954393
北投區,關渡國中,423506,基本學區,北投區,關渡,關渡,北投區知行路212號。,TEL:28581770FAX:28585627
北投區,關渡國中,423506,共同學區,北投區,八仙（1-6、10-15、18鄰）,八仙（1-6、10-15、18鄰）:北投、關渡共同學區,北投區知行路212號。,TEL:28581770FAX:28585627
北投區,關渡國中,423506,共同學區,北投區,一德（12-23鄰）,一德（12-23鄰）:關渡、桃源共同學區,北投區知行路212號。,TEL:28581770FAX:28585627
北投區,新民國中,423502,基本學區,北投區,中心,中心、中和、中庸、秀山、林泉、泉源、開明、智仁、大屯、湖山（1-3、14-18鄰）、湖田（1、3-10鄰,北投區新民路10號。,TEL:28979001FAX:28952048
北投區,新民國中,423502,基本學區,北投區,中和,中心、中和、中庸、秀山、林泉、泉源、開明、智仁、大屯、湖山（1-3、14-18鄰）、湖田（1、3-10鄰,北投區新民路10號。,TEL:28979001FAX:28952048
北投區,新民國中,423502,基本學區,北投區,中庸,中心、中和、中庸、秀山、林泉、泉源、開明、智仁、大屯、湖山（1-3、14-18鄰）、湖田（1、3-10鄰,北投區新民路10號。,TEL:28979001FAX:28952048
北投區,新民國中,423502,基本學區,北投區,秀山,中心、中和、中庸、秀山、林泉、泉源、開明、智仁、大屯、湖山（1-3、14-18鄰）、湖田（1、3-10鄰,北投區新民路10號。,TEL:28979001FAX:28952048
北投區,新民國中,423502,基本學區,北投區,林泉,中心、中和、中庸、秀山、林泉、泉源、開明、智仁、大屯、湖山（1-3、14-18鄰）、湖田（1、3-10鄰,北投區新民路10號。,TEL:28979001FAX:28952048
北投區,新民國中,423502,基本學區,北投區,泉源,中心、中和、中庸、秀山、林泉、泉源、開明、智仁、大屯、湖山（1-3、14-18鄰）、湖田（1、3-10鄰,北投區新民路10號。,TEL:28979001FAX:28952048
北投區,新民國中,423502,基本學區,北投區,開明,中心、中和、中庸、秀山、林泉、泉源、開明、智仁、大屯、湖山（1-3、14-18鄰）、湖田（1、3-10鄰,北投區新民路10號。,TEL:28979001FAX:28952048
北投區,新民國中,423502,基本學區,北投區,智仁,中心、中和、中庸、秀山、林泉、泉源、開明、智仁、大屯、湖山（1-3、14-18鄰）、湖田（1、3-10鄰,北投區新民路10號。,TEL:28979001FAX:28952048
北投區,新民國中,423502,基本學區,北投區,大屯,中心、中和、中庸、秀山、林泉、泉源、開明、智仁、大屯、湖山（1-3、14-18鄰）、湖田（1、3-10鄰,北投區新民路10號。,TEL:28979001FAX:28952048
北投區,新民國中,423502,基本學區,北投區,湖山（1-3、14-18鄰）,中心、中和、中庸、秀山、林泉、泉源、開明、智仁、大屯、湖山（1-3、14-18鄰）、湖田（1、3-10鄰,北投區新民路10號。,TEL:28979001FAX:28952048
北投區,新民國中,423502,基本學區,北投區,湖田（1、3-10鄰,中心、中和、中庸、秀山、林泉、泉源、開明、智仁、大屯、湖山（1-3、14-18鄰）、湖田（1、3-10鄰,北投區新民路10號。,TEL:28979001FAX:28952048
北投區,新民國中,423502,共同學區,北投區,文化,文化:新民、桃源共同學區,北投區新民路10號。,TEL:28979001FAX:28952048
北投區,新民國中,423502,共同學區,北投區,中央（7、16、18、20-28鄰）,中央（7、16、18、20-28鄰）:北投、新民共同學區,北投區新民路10號。,TEL:28979001FAX:28952048
北投區,新民國中,423502,共同學區,北投區,湖田（2鄰）,湖田（2鄰）:新民、格致共同學區,北投區新民路10號。,TEL:28979001FAX:28952048
北投區,桃源國中,423504,基本學區,北投區,一德（1-11鄰）,一德（1-11鄰）、桃源、稻香（1-16鄰）、豐年（2-11、13-15鄰,北投區中央北路4段48號。,TEL:28929633FAX:28952080
北投區,桃源國中,423504,基本學區,北投區,桃源,一德（1-11鄰）、桃源、稻香（1-16鄰）、豐年（2-11、13-15鄰,北投區中央北路4段48號。,TEL:28929633FAX:28952080
北投區,桃源國中,423504,基本學區,北投區,稻香（1-16鄰）,一德（1-11鄰）、桃源、稻香（1-16鄰）、豐年（2-11、13-15鄰,北投區中央北路4段48號。,TEL:28929633FAX:28952080
北投區,桃源國中,423504,基本學區,北投區,豐年（2-11、13-15鄰,一德（1-11鄰）、桃源、稻香（1-16鄰）、豐年（2-11、13-15鄰,北投區中央北路4段48號。,TEL:28929633FAX:28952080
北投區,桃源國中,423504,共同學區,北投區,文化,文化:新民、桃源共同學區,北投區中央北路4段48號。,TEL:28929633FAX:28952080
北投區,桃源國中,423504,共同學區,北投區,豐年（1、12、16鄰）,豐年（1、12、16鄰）:北投、桃源共同學區,北投區中央北路4段48號。,TEL:28929633FAX:28952080
北投區,桃源國中,423504,共同學區,北投區,一德（12-23鄰）,一德（12-23鄰）:關渡、桃源共同學區,北投區中央北路4段48號。,TEL:28929633FAX:28952080
北投區,石牌國中,423505,基本學區,北投區,東華,東華、永明、吉利、吉慶、立農、立賢、尊賢、八仙（7-9、16、17鄰,北投區石牌路1段139號。,TEL:28224682FAX:28265330
北投區,石牌國中,423505,基本學區,北投區,永明,東華、永明、吉利、吉慶、立農、立賢、尊賢、八仙（7-9、16、17鄰,北投區石牌路1段139號。,TEL:28224682FAX:28265330
北投區,石牌國中,423505,基本學區,北投區,吉利,東華、永明、吉利、吉慶、立農、立賢、尊賢、八仙（7-9、16、17鄰,北投區石牌路1段139號。,TEL:28224682FAX:28265330
北投區,石牌國中,423505,基本學區,北投區,吉慶,東華、永明、吉利、吉慶、立農、立賢、尊賢、八仙（7-9、16、17鄰,北投區石牌路1段139號。,TEL:28224682FAX:28265330
北投區,石牌國中,423505,基本學區,北投區,立農,東華、永明、吉利、吉慶、立農、立賢、尊賢、八仙（7-9、16、17鄰,北投區石牌路1段139號。,TEL:28224682FAX:28265330
北投區,石牌國中,423505,基本學區,北投區,立賢,東華、永明、吉利、吉慶、立農、立賢、尊賢、八仙（7-9、16、17鄰,北投區石牌路1段139號。,TEL:28224682FAX:28265330
北投區,石牌國中,423505,基本學區,北投區,尊賢,東華、永明、吉利、吉慶、立農、立賢、尊賢、八仙（7-9、16、17鄰,北投區石牌路1段139號。,TEL:28224682FAX:28265330
北投區,石牌國中,423505,基本學區,北投區,八仙（7-9、16、17鄰,東華、永明、吉利、吉慶、立農、立賢、尊賢、八仙（7-9、16、17鄰,北投區石牌路1段139號。,TEL:28224682FAX:28265330
北投區,石牌國中,423505,共同學區,北投區,振華（11、17-19、24、26、27鄰）,振華（11、17-19、24、26、27鄰）、榮光、永和、福興:石牌、明德共同學區,北投區石牌路1段139號。,TEL:28224682FAX:28265330
北投區,石牌國中,423505,共同學區,北投區,榮光,振華（11、17-19、24、26、27鄰）、榮光、永和、福興:石牌、明德共同學區,北投區石牌路1段139號。,TEL:28224682FAX:28265330
北投區,石牌國中,423505,共同學區,北投區,永和,振華（11、17-19、24、26、27鄰）、榮光、永和、福興:石牌、明德共同學區,北投區石牌路1段139號。,TEL:28224682FAX:28265330
北投區,石牌國中,423505,共同學區,北投區,福興,振華（11、17-19、24、26、27鄰）、榮光、永和、福興:石牌、明德共同學區,北投區石牌路1段139號。,TEL:28224682FAX:28265330
北投區,石牌國中,423505,共同學區,北投區,永欣（1-7、10-23）,永欣（1-7、10-23）:石牌、蘭雅、明德共同學區,北投區石牌路1段139號。,TEL:28224682FAX:28265330
北投區,石牌國中,423505,共同學區,北投區,洲美,洲美:陽明、明德、石牌、北投、士林共同學區,北投區石牌路1段139號。,TEL:28224682FAX:28265330
南港區,南港高中國中部,393301,基本學區,南港區,南港,南港、玉成、合成（23-24鄰）、西新、東新、東明、新光（1-12、14、16-25鄰）、重陽,南港區向陽路21號。,TEL:27837863FAX:27884235
南港區,南港高中國中部,393301,基本學區,南港區,玉成,南港、玉成、合成（23-24鄰）、西新、東新、東明、新光（1-12、14、16-25鄰）、重陽,南港區向陽路21號。,TEL:27837863FAX:27884235
南港區,南港高中國中部,393301,基本學區,南港區,合成（23-24鄰）,南港、玉成、合成（23-24鄰）、西新、東新、東明、新光（1-12、14、16-25鄰）、重陽,南港區向陽路21號。,TEL:27837863FAX:27884235
南港區,南港高中國中部,393301,基本學區,南港區,西新,南港、玉成、合成（23-24鄰）、西新、東新、東明、新光（1-12、14、16-25鄰）、重陽,南港區向陽路21號。,TEL:27837863FAX:27884235
南港區,南港高中國中部,393301,基本學區,南港區,東新,南港、玉成、合成（23-24鄰）、西新、東新、東明、新光（1-12、14、16-25鄰）、重陽,南港區向陽路21號。,TEL:27837863FAX:27884235
南港區,南港高中國中部,393301,基本學區,南港區,東明,南港、玉成、合成（23-24鄰）、西新、東新、東明、新光（1-12、14、16-25鄰）、重陽,南港區向陽路21號。,TEL:27837863FAX:27884235
南港區,南港高中國中部,393301,基本學區,南港區,新光（1-12、14、16-25鄰）,南港、玉成、合成（23-24鄰）、西新、東新、東明、新光（1-12、14、16-25鄰）、重陽,南港區向陽路21號。,TEL:27837863FAX:27884235
南港區,南港高中國中部,393301,基本學區,南港區,重陽,南港、玉成、合成（23-24鄰）、西新、東新、東明、新光（1-12、14、16-25鄰）、重陽,南港區向陽路21號。,TEL:27837863FAX:27884235
南港區,南港高中國中部,393301,共同學區,南港區,新光（13、15鄰）,新光（13、15鄰）、合成（16-22鄰）:南港、成德共同學區,南港區向陽路21號。,TEL:27837863FAX:27884235
南港區,南港高中國中部,393301,共同學區,南港區,合成（16-22鄰）,新光（13、15鄰）、合成（16-22鄰）:南港、成德共同學區,南港區向陽路21號。,TEL:27837863FAX:27884235
南港區,誠正國中,393501,基本學區,南港區,三重,三重、中南、中研、新富、舊莊、九如,南港區富康街1巷24號。,TEL:27828094FEX:27883775
南港區,誠正國中,393501,基本學區,南港區,中南,三重、中南、中研、新富、舊莊、九如,南港區富康街1巷24號。,TEL:27828094FEX:27883775
南港區,誠正國中,393501,基本學區,南港區,中研,三重、中南、中研、新富、舊莊、九如,南港區富康街1巷24號。,TEL:27828094FEX:27883775
南港區,誠正國中,393501,基本學區,南港區,新富,三重、中南、中研、新富、舊莊、九如,南港區富康街1巷24號。,TEL:27828094FEX:27883775
南港區,誠正國中,393501,基本學區,南港區,舊莊,三重、中南、中研、新富、舊莊、九如,南港區富康街1巷24號。,TEL:27828094FEX:27883775
南港區,誠正國中,393501,基本學區,南港區,九如,三重、中南、中研、新富、舊莊、九如,南港區富康街1巷24號。,TEL:27828094FEX:27883775
南港區,成德國中,393503,基本學區,南港區,聯成,聯成、合成（1-15鄰25、26鄰）、成福（1-16、28、29、31鄰）、萬福（1-5、9-17鄰,南港區東新街108巷23號。,TEL:26515636FAX:27859242
南港區,成德國中,393503,基本學區,南港區,合成（1-15鄰25、26鄰）,聯成、合成（1-15鄰25、26鄰）、成福（1-16、28、29、31鄰）、萬福（1-5、9-17鄰,南港區東新街108巷23號。,TEL:26515636FAX:27859242
南港區,成德國中,393503,基本學區,南港區,成福（1-16、28、29、31鄰）,聯成、合成（1-15鄰25、26鄰）、成福（1-16、28、29、31鄰）、萬福（1-5、9-17鄰,南港區東新街108巷23號。,TEL:26515636FAX:27859242
南港區,成德國中,393503,基本學區,南港區,萬福（1-5、9-17鄰,聯成、合成（1-15鄰25、26鄰）、成福（1-16、28、29、31鄰）、萬福（1-5、9-17鄰,南港區東新街108巷23號。,TEL:26515636FAX:27859242
南港區,成德國中,393503,共同學區,南港區,鴻福,鴻福、萬福（6-8、18-19鄰）:瑠公、成德共同學區,南港區東新街108巷23號。,TEL:26515636FAX:27859242
南港區,成德國中,393503,共同學區,南港區,萬福（6-8、18-19鄰）,鴻福、萬福（6-8、18-19鄰）:瑠公、成德共同學區,南港區東新街108巷23號。,TEL:26515636FAX:27859242
南港區,成德國中,393503,共同學區,南港區,新光（13、15鄰）,新光（13、15鄰）、合成（16-22鄰）:南港、成德共同學區,南港區東新街108巷23號。,TEL:26515636FAX:27859242
南港區,成德國中,393503,共同學區,南港區,合成（16-22鄰）,新光（13、15鄰）、合成（16-22鄰）:南港、成德共同學區,南港區東新街108巷23號。,TEL:26515636FAX:27859242
內湖區,內湖國中,403501,基本學區,內湖區,清白,清白、紫星、紫雲、紫陽、內湖、大湖、碧山（1-3鄰）、金龍、內溝（10鄰）、秀湖、瑞陽、瑞光（19鄰,內湖區陽光街1號。,TEL:27900843FAX:27941510
內湖區,內湖國中,403501,基本學區,內湖區,紫星,清白、紫星、紫雲、紫陽、內湖、大湖、碧山（1-3鄰）、金龍、內溝（10鄰）、秀湖、瑞陽、瑞光（19鄰,內湖區陽光街1號。,TEL:27900843FAX:27941510
內湖區,內湖國中,403501,基本學區,內湖區,紫雲,清白、紫星、紫雲、紫陽、內湖、大湖、碧山（1-3鄰）、金龍、內溝（10鄰）、秀湖、瑞陽、瑞光（19鄰,內湖區陽光街1號。,TEL:27900843FAX:27941510
內湖區,內湖國中,403501,基本學區,內湖區,紫陽,清白、紫星、紫雲、紫陽、內湖、大湖、碧山（1-3鄰）、金龍、內溝（10鄰）、秀湖、瑞陽、瑞光（19鄰,內湖區陽光街1號。,TEL:27900843FAX:27941510
內湖區,內湖國中,403501,基本學區,內湖區,內湖,清白、紫星、紫雲、紫陽、內湖、大湖、碧山（1-3鄰）、金龍、內溝（10鄰）、秀湖、瑞陽、瑞光（19鄰,內湖區陽光街1號。,TEL:27900843FAX:27941510
內湖區,內湖國中,403501,基本學區,內湖區,大湖,清白、紫星、紫雲、紫陽、內湖、大湖、碧山（1-3鄰）、金龍、內溝（10鄰）、秀湖、瑞陽、瑞光（19鄰,內湖區陽光街1號。,TEL:27900843FAX:27941510
內湖區,內湖國中,403501,基本學區,內湖區,碧山（1-3鄰）,清白、紫星、紫雲、紫陽、內湖、大湖、碧山（1-3鄰）、金龍、內溝（10鄰）、秀湖、瑞陽、瑞光（19鄰,內湖區陽光街1號。,TEL:27900843FAX:27941510
內湖區,內湖國中,403501,基本學區,內湖區,金龍,清白、紫星、紫雲、紫陽、內湖、大湖、碧山（1-3鄰）、金龍、內溝（10鄰）、秀湖、瑞陽、瑞光（19鄰,內湖區陽光街1號。,TEL:27900843FAX:27941510
內湖區,內湖國中,403501,基本學區,內湖區,內溝（10鄰）,清白、紫星、紫雲、紫陽、內湖、大湖、碧山（1-3鄰）、金龍、內溝（10鄰）、秀湖、瑞陽、瑞光（19鄰,內湖區陽光街1號。,TEL:27900843FAX:27941510
內湖區,內湖國中,403501,基本學區,內湖區,秀湖,清白、紫星、紫雲、紫陽、內湖、大湖、碧山（1-3鄰）、金龍、內溝（10鄰）、秀湖、瑞陽、瑞光（19鄰,內湖區陽光街1號。,TEL:27900843FAX:27941510
內湖區,內湖國中,403501,基本學區,內湖區,瑞陽,清白、紫星、紫雲、紫陽、內湖、大湖、碧山（1-3鄰）、金龍、內溝（10鄰）、秀湖、瑞陽、瑞光（19鄰,內湖區陽光街1號。,TEL:27900843FAX:27941510
內湖區,內湖國中,403501,基本學區,內湖區,瑞光（19鄰,清白、紫星、紫雲、紫陽、內湖、大湖、碧山（1-3鄰）、金龍、內溝（10鄰）、秀湖、瑞陽、瑞光（19鄰,內湖區陽光街1號。,TEL:27900843FAX:27941510
內湖區,內湖國中,403501,共同學區,內湖區,湖濱,湖濱、瑞光（18鄰）:內湖、麗山共同學區,內湖區陽光街1號。,TEL:27900843FAX:27941510
內湖區,內湖國中,403501,共同學區,內湖區,瑞光（18鄰）,湖濱、瑞光（18鄰）:內湖、麗山共同學區,內湖區陽光街1號。,TEL:27900843FAX:27941510
內湖區,內湖國中,403501,共同學區,內湖區,瑞光（1-13、20鄰）,瑞光（1-13、20鄰）、寶湖（2鄰）:內湖、三民共同學區,內湖區陽光街1號。,TEL:27900843FAX:27941510
內湖區,內湖國中,403501,共同學區,內湖區,寶湖（2鄰）,瑞光（1-13、20鄰）、寶湖（2鄰）:內湖、三民共同學區,內湖區陽光街1號。,TEL:27900843FAX:27941510
內湖區,內湖國中,403501,共同學區,內湖區,新北市汐止區長青里,新北市汐止區長青里:新北市樟樹國中、內湖共同學區,內湖區陽光街1號。,TEL:27900843FAX:27941510
內湖區,三民國中,403503,基本學區,內湖區,行善,行善、週美、石潭、湖興、湖元、寶湖（1、3-29鄰,內湖區民權東路6段45號。,TEL:27924772FAX:27949193
內湖區,三民國中,403503,基本學區,內湖區,週美,行善、週美、石潭、湖興、湖元、寶湖（1、3-29鄰,內湖區民權東路6段45號。,TEL:27924772FAX:27949193
內湖區,三民國中,403503,基本學區,內湖區,石潭,行善、週美、石潭、湖興、湖元、寶湖（1、3-29鄰,內湖區民權東路6段45號。,TEL:27924772FAX:27949193
內湖區,三民國中,403503,基本學區,內湖區,湖興,行善、週美、石潭、湖興、湖元、寶湖（1、3-29鄰,內湖區民權東路6段45號。,TEL:27924772FAX:27949193
內湖區,三民國中,403503,基本學區,內湖區,湖元,行善、週美、石潭、湖興、湖元、寶湖（1、3-29鄰,內湖區民權東路6段45號。,TEL:27924772FAX:27949193
內湖區,三民國中,403503,基本學區,內湖區,寶湖（1、3-29鄰,行善、週美、石潭、湖興、湖元、寶湖（1、3-29鄰,內湖區民權東路6段45號。,TEL:27924772FAX:27949193
內湖區,三民國中,403503,共同學區,內湖區,葫洲,葫洲、金湖、康寧、明湖、蘆洲、南湖:三民、明湖共同學區,內湖區民權東路6段45號。,TEL:27924772FAX:27949193
內湖區,三民國中,403503,共同學區,內湖區,金湖,葫洲、金湖、康寧、明湖、蘆洲、南湖:三民、明湖共同學區,內湖區民權東路6段45號。,TEL:27924772FAX:27949193
內湖區,三民國中,403503,共同學區,內湖區,康寧,葫洲、金湖、康寧、明湖、蘆洲、南湖:三民、明湖共同學區,內湖區民權東路6段45號。,TEL:27924772FAX:27949193
內湖區,三民國中,403503,共同學區,內湖區,明湖,葫洲、金湖、康寧、明湖、蘆洲、南湖:三民、明湖共同學區,內湖區民權東路6段45號。,TEL:27924772FAX:27949193
內湖區,三民國中,403503,共同學區,內湖區,蘆洲,葫洲、金湖、康寧、明湖、蘆洲、南湖:三民、明湖共同學區,內湖區民權東路6段45號。,TEL:27924772FAX:27949193
內湖區,三民國中,403503,共同學區,內湖區,南湖,葫洲、金湖、康寧、明湖、蘆洲、南湖:三民、明湖共同學區,內湖區民權東路6段45號。,TEL:27924772FAX:27949193
內湖區,三民國中,403503,共同學區,內湖區,瑞光（1-13、20鄰）,瑞光（1-13、20鄰）、寶湖（2鄰）:內湖、三民共同學區,內湖區民權東路6段45號。,TEL:27924772FAX:27949193
內湖區,三民國中,403503,共同學區,內湖區,寶湖（2鄰）,瑞光（1-13、20鄰）、寶湖（2鄰）:內湖、三民共同學區,內湖區民權東路6段45號。,TEL:27924772FAX:27949193
內湖區,西湖國中,403504,共同學區,內湖區,西湖,西湖:大直、北安、麗山、西湖共同學區,內湖區環山路1段27號。,TEL:27991817FAX:27993284
內湖區,西湖國中,403504,共同學區,內湖區,西安,西安:大直、北安、麗山、西湖共同學區,內湖區環山路1段27號。,TEL:27991817FAX:27993284
內湖區,西湖國中,403504,共同學區,內湖區,西康,西康:大直、北安、麗山、西湖共同學區,內湖區環山路1段27號。,TEL:27991817FAX:27993284
內湖區,西湖國中,403504,共同學區,內湖區,港華,港華、麗山（7、9-16鄰）、港墘（20鄰）:西湖、麗山共同學區,內湖區環山路1段27號。,TEL:27991817FAX:27993284
內湖區,西湖國中,403504,共同學區,內湖區,麗山（7、9-16鄰）,港華、麗山（7、9-16鄰）、港墘（20鄰）:西湖、麗山共同學區,內湖區環山路1段27號。,TEL:27991817FAX:27993284
內湖區,西湖國中,403504,共同學區,內湖區,港墘（20鄰）,港華、麗山（7、9-16鄰）、港墘（20鄰）:西湖、麗山共同學區,內湖區環山路1段27號。,TEL:27991817FAX:27993284
內湖區,西湖國中,403504,共同學區,中山區,金泰,金泰:濱江、西湖、北安共同學區,內湖區環山路1段27號。,TEL:27991817FAX:27993284
內湖區,東湖國中,403505,基本學區,內湖區,樂康,樂康、東湖、內溝（1-9、11-17鄰）、安泰,內湖區康樂街131號。,TEL:26330373FAX:26330377
內湖區,東湖國中,403505,基本學區,內湖區,東湖,樂康、東湖、內溝（1-9、11-17鄰）、安泰,內湖區康樂街131號。,TEL:26330373FAX:26330377
內湖區,東湖國中,403505,基本學區,內湖區,內溝（1-9、11-17鄰）,樂康、東湖、內溝（1-9、11-17鄰）、安泰,內湖區康樂街131號。,TEL:26330373FAX:26330377
內湖區,東湖國中,403505,基本學區,內湖區,安泰,樂康、東湖、內溝（1-9、11-17鄰）、安泰,內湖區康樂街131號。,TEL:26330373FAX:26330377
內湖區,東湖國中,403505,共同學區,內湖區,五分（3-13、22、33、34鄰）,五分（3-13、22、33、34鄰）:東湖、明湖共同學區,內湖區康樂街131號。,TEL:26330373FAX:26330377
內湖區,東湖國中,403505,共同學區,內湖區,新北市汐止區忠山,新北市汐止區忠山、湖蓮、北山（1-13鄰）:新北市樟樹國中、東湖共同學區,內湖區康樂街131號。,TEL:26330373FAX:26330377
內湖區,東湖國中,403505,共同學區,內湖區,湖蓮,新北市汐止區忠山、湖蓮、北山（1-13鄰）:新北市樟樹國中、東湖共同學區,內湖區康樂街131號。,TEL:26330373FAX:26330377
內湖區,東湖國中,403505,共同學區,內湖區,北山（1-13鄰）,新北市汐止區忠山、湖蓮、北山（1-13鄰）:新北市樟樹國中、東湖共同學區,內湖區康樂街131號。,TEL:26330373FAX:26330377
內湖區,麗山國中,403502,基本學區,內湖區,港墘（1-19、21-22鄰）,港墘（1-19、21-22鄰）、金瑞、港富、港都、碧山（4-24鄰）、瑞光（14-17鄰）、麗山（1-6、8鄰,內湖區內湖路1段629巷42號。,TEL:27991867FAX:27999418
內湖區,麗山國中,403502,基本學區,內湖區,金瑞,港墘（1-19、21-22鄰）、金瑞、港富、港都、碧山（4-24鄰）、瑞光（14-17鄰）、麗山（1-6、8鄰,內湖區內湖路1段629巷42號。,TEL:27991867FAX:27999418
內湖區,麗山國中,403502,基本學區,內湖區,港富,港墘（1-19、21-22鄰）、金瑞、港富、港都、碧山（4-24鄰）、瑞光（14-17鄰）、麗山（1-6、8鄰,內湖區內湖路1段629巷42號。,TEL:27991867FAX:27999418
內湖區,麗山國中,403502,基本學區,內湖區,港都,港墘（1-19、21-22鄰）、金瑞、港富、港都、碧山（4-24鄰）、瑞光（14-17鄰）、麗山（1-6、8鄰,內湖區內湖路1段629巷42號。,TEL:27991867FAX:27999418
內湖區,麗山國中,403502,基本學區,內湖區,碧山（4-24鄰）,港墘（1-19、21-22鄰）、金瑞、港富、港都、碧山（4-24鄰）、瑞光（14-17鄰）、麗山（1-6、8鄰,內湖區內湖路1段629巷42號。,TEL:27991867FAX:27999418
內湖區,麗山國中,403502,基本學區,內湖區,瑞光（14-17鄰）,港墘（1-19、21-22鄰）、金瑞、港富、港都、碧山（4-24鄰）、瑞光（14-17鄰）、麗山（1-6、8鄰,內湖區內湖路1段629巷42號。,TEL:27991867FAX:27999418
內湖區,麗山國中,403502,基本學區,內湖區,麗山（1-6、8鄰,港墘（1-19、21-22鄰）、金瑞、港富、港都、碧山（4-24鄰）、瑞光（14-17鄰）、麗山（1-6、8鄰,內湖區內湖路1段629巷42號。,TEL:27991867FAX:27999418
內湖區,麗山國中,403502,共同學區,內湖區,港華,港華、麗山（7、9-16鄰）、港墘（20鄰）:麗山、西湖共同學區,內湖區內湖路1段629巷42號。,TEL:27991867FAX:27999418
內湖區,麗山國中,403502,共同學區,內湖區,麗山（7、9-16鄰）,港華、麗山（7、9-16鄰）、港墘（20鄰）:麗山、西湖共同學區,內湖區內湖路1段629巷42號。,TEL:27991867FAX:27999418
內湖區,麗山國中,403502,共同學區,內湖區,港墘（20鄰）,港華、麗山（7、9-16鄰）、港墘（20鄰）:麗山、西湖共同學區,內湖區內湖路1段629巷42號。,TEL:27991867FAX:27999418
內湖區,麗山國中,403502,共同學區,內湖區,湖濱,湖濱、瑞光（18鄰）:內湖、麗山共同學區,內湖區內湖路1段629巷42號。,TEL:27991867FAX:27999418
內湖區,麗山國中,403502,共同學區,內湖區,瑞光（18鄰）,湖濱、瑞光（18鄰）:內湖、麗山共同學區,內湖區內湖路1段629巷42號。,TEL:27991867FAX:27999418
內湖區,麗山國中,403502,共同學區,內湖區,西湖,西湖:大直、北安、麗山、西湖共同學區,內湖區內湖路1段629巷42號。,TEL:27991867FAX:27999418
內湖區,麗山國中,403502,共同學區,內湖區,西安,西安:大直、北安、麗山、西湖共同學區,內湖區內湖路1段629巷42號。,TEL:27991867FAX:27999418
內湖區,麗山國中,403502,共同學區,內湖區,西康,西康:大直、北安、麗山、西湖共同學區,內湖區內湖路1段629巷42號。,TEL:27991867FAX:27999418
內湖區,明湖國中,403506,基本學區,內湖區,五分（1、2、14-21、23-32鄰）,五分（1、2、14-21、23-32鄰）、安湖,內湖區康寧路3段60號。,TEL:26320616FAX:26325471
內湖區,明湖國中,403506,基本學區,內湖區,安湖,五分（1、2、14-21、23-32鄰）、安湖,內湖區康寧路3段60號。,TEL:26320616FAX:26325471
內湖區,明湖國中,403506,共同學區,內湖區,五分（3-13、22、33、34鄰）,五分（3-13、22、33、34鄰）:東湖、明湖共同學區,內湖區康寧路3段60號。,TEL:26320616FAX:26325471
內湖區,明湖國中,403506,共同學區,內湖區,葫洲,葫洲、金湖、康寧、明湖、蘆洲、南湖:三民、明湖共同學區,內湖區康寧路3段60號。,TEL:26320616FAX:26325471
內湖區,明湖國中,403506,共同學區,內湖區,金湖,葫洲、金湖、康寧、明湖、蘆洲、南湖:三民、明湖共同學區,內湖區康寧路3段60號。,TEL:26320616FAX:26325471
內湖區,明湖國中,403506,共同學區,內湖區,康寧,葫洲、金湖、康寧、明湖、蘆洲、南湖:三民、明湖共同學區,內湖區康寧路3段60號。,TEL:26320616FAX:26325471
內湖區,明湖國中,403506,共同學區,內湖區,明湖,葫洲、金湖、康寧、明湖、蘆洲、南湖:三民、明湖共同學區,內湖區康寧路3段60號。,TEL:26320616FAX:26325471
內湖區,明湖國中,403506,共同學區,內湖區,蘆洲,葫洲、金湖、康寧、明湖、蘆洲、南湖:三民、明湖共同學區,內湖區康寧路3段60號。,TEL:26320616FAX:26325471
內湖區,明湖國中,403506,共同學區,內湖區,南湖,葫洲、金湖、康寧、明湖、蘆洲、南湖:三民、明湖共同學區,內湖區康寧路3段60號。,TEL:26320616FAX:26325471
